DATE_KEY	PRODUCT_TITLE	MAJOR_GENRE_DESC	CUSTOMER_NAME	COUNTRY_CODE	TOTAL_STREAMS
2021-11-30	GHOST TOWN	Pop	Spotify	GB	2123637
2021-11-30	GHOST TOWN	Pop	Spotify	CA	1742176
2021-11-30	GHOST TOWN	Pop	Spotify	CL	115107
2021-11-30	GHOST TOWN	Pop	Spotify	NL	1844874
2021-11-30	GHOST TOWN	Pop	Spotify	BR	435469
2021-11-30	GHOST TOWN	Pop	Spotify	QA	9789
2021-11-30	GHOST TOWN	Pop	Spotify	ML	125
2021-11-30	GHOST TOWN	Pop	Spotify	MR	190
2021-11-30	GHOST TOWN	Pop	Spotify	MT	22226
2021-11-30	GHOST TOWN	Pop	Spotify	ZW	1874
2021-11-30	GHOST TOWN	Pop	Spotify	HR	14508
2021-10-31	GHOST TOWN	Pop	Spotify	CO	8872
2021-10-31	GHOST TOWN	Pop	Spotify	IN	68995
2021-10-31	GHOST TOWN	Pop	Spotify	CZ	36060
2021-10-31	GHOST TOWN	Pop	Spotify	GN	10
2021-11-30	GHOST TOWN	Pop	Spotify	GH	5347
2021-11-30	GHOST TOWN	Pop	Spotify	GQ	64
2021-10-31	GHOST TOWN	Pop	Spotify	RW	212
2021-10-31	GHOST TOWN	Pop	Spotify	HU	26499
2021-12-31	GHOST TOWN	Pop	Spotify	RU	43556
2021-12-31	GHOST TOWN	Pop	Spotify	SE	1494728
2021-12-31	GHOST TOWN	Pop	Spotify	HR	10484
2021-12-31	GHOST TOWN	Pop	Spotify	DO	7534
2022-01-31	GHOST TOWN	Pop	Spotify	FI	226749
2022-01-31	GHOST TOWN	Singer/Songwriter	Spotify	IN	664
2022-01-31	GHOST TOWN	Singer/Songwriter	Spotify	DK	1035
2022-01-31	GHOST TOWN	Pop	Spotify	DK	777052
2022-01-31	GHOST TOWN	Singer/Songwriter	Spotify	TR	59
2022-01-31	GHOST TOWN	Pop	Spotify	RU	25761
2022-01-31	GHOST TOWN	Pop	Spotify	PL	174792
2022-01-31	GHOST TOWN	Singer/Songwriter	Spotify	RU	41
2022-01-31	GHOST TOWN	Singer/Songwriter	Spotify	BD	13
2022-01-31	GHOST TOWN	Pop	Spotify	PY	3013
2022-01-31	GHOST TOWN	Pop	Spotify	AM	763
2022-01-31	GHOST TOWN	Pop	Spotify	PG	465
2022-02-28	GHOST TOWN	Singer/Songwriter	Spotify	US	14417
2022-02-28	GHOST TOWN	Singer/Songwriter	Spotify	SV	3
2022-02-28	GHOST TOWN	Pop	Spotify	SC	383
2022-02-28	GHOST TOWN	Singer/Songwriter	Spotify	IS	65
2022-02-28	GHOST TOWN	Singer/Songwriter	Spotify	SK	66
2022-03-31	GHOST TOWN	Pop	Spotify	US	250199
2022-03-31	GHOST TOWN	Singer/Songwriter	Spotify	KH	3
2022-03-31	GHOST TOWN	Pop	Spotify	RW	63
2022-03-31	GHOST TOWN	Singer/Songwriter	Spotify	KZ	3
2022-03-31	GHOST TOWN	Pop	Spotify	LS	20
2022-03-31	GHOST TOWN	Pop	Spotify	ES	8049
2022-03-31	GHOST TOWN	Pop	Spotify	DO	279
2021-10-31	GHOST TOWN	Pop	Spotify	SG	58935
2021-10-31	GHOST TOWN	Pop	Spotify	MU	851
2021-10-31	GHOST TOWN	Pop	Spotify	MW	120
2021-10-31	GHOST TOWN	Pop	Spotify	BZ	231
2021-12-31	GHOST TOWN	Pop	Spotify	MX	262065
2021-12-31	GHOST TOWN	Pop	Spotify	CR	11405
2021-12-31	GHOST TOWN	Pop	Spotify	EC	13866
2021-12-31	GHOST TOWN	Pop	Spotify	KH	6290
2021-10-31	GHOST TOWN	Pop	Spotify	RO	14438
2022-01-31	GHOST TOWN	Singer/Songwriter	Spotify	GR	120
2022-01-31	GHOST TOWN	Pop	Spotify	BR	155993
2022-01-31	GHOST TOWN	Singer/Songwriter	Spotify	JP	72
2022-01-31	GHOST TOWN	Singer/Songwriter	Spotify	AE	120
2022-01-31	GHOST TOWN	Pop	Spotify	AO	556
2022-01-31	GHOST TOWN	Singer/Songwriter	Spotify	MU	4
2022-01-31	GHOST TOWN	Pop	Spotify	NP	4314
2022-01-31	GHOST TOWN	Pop	Spotify	OM	2714
2022-02-28	GHOST TOWN	Singer/Songwriter	Spotify	SG	308
2022-02-28	GHOST TOWN	Singer/Songwriter	Spotify	FR	2228
2022-02-28	GHOST TOWN	Pop	Spotify	TW	41981
2022-02-28	GHOST TOWN	Singer/Songwriter	Spotify	FI	350
2022-02-28	GHOST TOWN	Pop	Spotify	SB	101
2022-02-28	GHOST TOWN	Pop	Spotify	MH	14
2022-02-28	GHOST TOWN	Pop	Spotify	KH	4129
2022-03-31	GHOST TOWN	Pop	Spotify	MX	7219
2022-03-31	GHOST TOWN	Pop	Spotify	CO	1231
2022-03-31	GHOST TOWN	Pop	Spotify	CR	473
2022-03-31	GHOST TOWN	Pop	Spotify	BD	249
2022-03-31	GHOST TOWN	Pop	Spotify	FI	9904
2022-03-31	GHOST TOWN	Pop	Spotify	IN	12506
2022-01-31	GHOST TOWN	Pop	Spotify	HU	46680
2022-02-28	GHOST TOWN	Pop	Spotify	UG	3077
2022-03-31	GHOST TOWN	Pop	Spotify	MC	71
2022-03-31	GHOST TOWN	Pop	Spotify	AU	39553
2022-03-31	GHOST TOWN	Singer/Songwriter	Spotify	AT	12
2021-11-30	GHOST TOWN	Pop	Spotify	MG	281
2021-11-30	GHOST TOWN	Pop	Spotify	MH	45
2021-11-30	GHOST TOWN	Pop	Spotify	GY	1353
2021-10-31	GHOST TOWN	Pop	Spotify	BG	3968
2021-10-31	GHOST TOWN	Pop	Spotify	TO	3
2021-10-31	GHOST TOWN	Pop	Spotify	TT	1441
2021-12-31	GHOST TOWN	Pop	Spotify	GD	196
2022-01-31	GHOST TOWN	Pop	Spotify	SV	2806
2022-01-31	GHOST TOWN	Singer/Songwriter	Spotify	PK	54
2022-01-31	GHOST TOWN	Pop	Spotify	DM	51
2022-01-31	GHOST TOWN	Pop	Spotify	NG	16060
2022-02-28	GHOST TOWN	Singer/Songwriter	Spotify	GT	4
2022-02-28	GHOST TOWN	Pop	Spotify	WS	126
2022-02-28	GHOST TOWN	Pop	Spotify	TN	3518
2022-02-28	GHOST TOWN	Singer/Songwriter	Spotify	DZ	22
2022-02-28	GHOST TOWN	Singer/Songwriter	Spotify	TT	11
2022-02-28	GHOST TOWN	Singer/Songwriter	Spotify	QA	12
2022-03-31	GHOST TOWN	Pop	Spotify	BB	31
2022-03-31	GHOST TOWN	Pop	Spotify	BT	86
2022-03-31	GHOST TOWN	Pop	Spotify	ZA	4292
2022-03-31	GHOST TOWN	Pop	Spotify	PH	23068
2022-03-31	GHOST TOWN	Pop	Spotify	MG	18
2022-03-31	GHOST TOWN	Singer/Songwriter	Spotify	MK	2
2022-03-31	GHOST TOWN	Singer/Songwriter	Spotify	BY	2
2021-11-30	GHOST TOWN	Pop	Spotify	SL	428
2021-10-31	GHOST TOWN	Pop	Spotify	PK	2247
2021-12-31	GHOST TOWN	Pop	Spotify	EE	14858
2021-12-31	GHOST TOWN	Pop	Spotify	LK	7412
2021-12-31	GHOST TOWN	Pop	Spotify	TZ	3420
2021-12-31	GHOST TOWN	Pop	Spotify	LT	22947
2022-01-31	GHOST TOWN	Pop	Spotify	TT	3629
2022-01-31	GHOST TOWN	Pop	Spotify	AG	106
2022-01-31	GHOST TOWN	Singer/Songwriter	Spotify	MN	2
2022-01-31	GHOST TOWN	Singer/Songwriter	Spotify	BT	18
2022-02-28	GHOST TOWN	Pop	Spotify	LT	9106
2022-02-28	GHOST TOWN	Singer/Songwriter	Spotify	OM	1
2022-02-28	GHOST TOWN	Pop	Spotify	LU	14337
2022-02-28	GHOST TOWN	Singer/Songwriter	Spotify	MT	18
2022-02-28	GHOST TOWN	Singer/Songwriter	Spotify	BB	1
2021-10-31	GHOST TOWN	Pop	Spotify	KR	4988
2022-01-31	GHOST TOWN	Pop	Spotify	GT	6595
2021-11-30	GHOST TOWN	Pop	Spotify	TN	9045
2021-11-30	GHOST TOWN	Pop	Spotify	FM	60
2021-11-30	GHOST TOWN	Pop	Spotify	CY	12946
2021-11-30	GHOST TOWN	Pop	Spotify	KH	8031
2021-10-31	GHOST TOWN	Pop	Spotify	NA	920
2021-10-31	GHOST TOWN	Pop	Spotify	LI	780
2021-12-31	GHOST TOWN	Pop	Spotify	EG	19272
2021-12-31	GHOST TOWN	Pop	Spotify	QA	6569
2021-12-31	GHOST TOWN	Pop	Spotify	SZ	260
2021-12-31	GHOST TOWN	Pop	Spotify	OM	2729
2022-01-31	GHOST TOWN	Singer/Songwriter	Spotify	RW	1
2022-01-31	GHOST TOWN	Pop	Spotify	TG	194
2022-02-28	GHOST TOWN	Pop	Spotify	PK	4709
2022-02-28	GHOST TOWN	Pop	Spotify	FM	11
2022-02-28	GHOST TOWN	Pop	Spotify	GM	44
2022-02-28	GHOST TOWN	Pop	Spotify	GN	52
2022-02-28	GHOST TOWN	Pop	Spotify	BS	463
2022-02-28	GHOST TOWN	Pop	Spotify	MN	852
2022-02-28	GHOST TOWN	Singer/Songwriter	Spotify	SN	1
2022-02-28	GHOST TOWN	Singer/Songwriter	Spotify	PG	4
2022-03-31	GHOST TOWN	Pop	Spotify	BO	205
2022-03-31	GHOST TOWN	Pop	Spotify	SV	214
2021-11-30	GHOST TOWN	Pop	Spotify	GA	147
2021-11-30	GHOST TOWN	Pop	Spotify	LR	71
2021-11-30	GHOST TOWN	Pop	Spotify	TV	1
2021-12-31	GHOST TOWN	Pop	Spotify	UZ	2819
2021-12-31	GHOST TOWN	Pop	Spotify	SM	35
2022-01-31	GHOST TOWN	Pop	Spotify	NI	1278
2022-01-31	GHOST TOWN	Singer/Songwriter	Spotify	AL	4
2022-01-31	GHOST TOWN	Pop	Spotify	GW	7
2022-01-31	GHOST TOWN	Pop	Spotify	TZ	2707
2022-03-31	GHOST TOWN	Pop	Spotify	CV	14
2022-03-31	GHOST TOWN	Pop	Spotify	CW	28
2022-03-31	GHOST TOWN	Pop	Spotify	IS	1143
2021-11-30	GHOST TOWN	Pop	Spotify	NR	13
2021-10-31	GHOST TOWN	Pop	Spotify	NE	6
2021-10-31	GHOST TOWN	Pop	Spotify	SM	14
2021-12-31	GHOST TOWN	Pop	Spotify	NR	13
2022-01-31	GHOST TOWN	Pop	Spotify	CI	301
2022-01-31	GHOST TOWN	Singer/Songwriter	Spotify	BN	13
2022-01-31	GHOST TOWN	Pop	Spotify	MG	250
2022-01-31	GHOST TOWN	Singer/Songwriter	Spotify	MG	2
2022-02-28	GHOST TOWN	Pop	Spotify	GW	9
2022-03-31	GHOST TOWN	Pop	Spotify	MH	6
2022-03-31	GHOST TOWN	Singer/Songwriter	Spotify	MW	4
2022-03-31	GHOST TOWN	Pop	Spotify	CD	14
2022-03-31	GHOST TOWN	Pop	Spotify	PS	43
2022-01-31	GHOST TOWN	Singer/Songwriter	Spotify	NI	1
2022-01-31	GHOST TOWN	Pop	Spotify	CM	623
2022-02-28	GHOST TOWN	Pop	Spotify	BF	51
2022-03-31	GHOST TOWN	Pop	Spotify	EG	689
2021-12-31	GHOST TOWN	Pop	Spotify	CM	857
2021-12-31	GHOST TOWN	Pop	Spotify	GW	8
2022-02-28	GHOST TOWN	Singer/Songwriter	Spotify	MK	4
2022-03-31	GHOST TOWN	Pop	Spotify	NP	256
2021-11-30	GHOST TOWN	Pop	Spotify	PH	961040
2021-11-30	GHOST TOWN	Pop	Spotify	DK	1154590
2021-11-30	GHOST TOWN	Pop	Spotify	BE	431273
2021-11-30	GHOST TOWN	Pop	Spotify	TW	137600
2021-11-30	GHOST TOWN	Pop	Spotify	ZA	103013
2021-11-30	GHOST TOWN	Pop	Spotify	LC	278
2021-11-30	GHOST TOWN	Pop	Spotify	LI	1432
2021-10-31	GHOST TOWN	Pop	Spotify	US	4050923
2021-11-30	GHOST TOWN	Pop	Spotify	MA	20018
2021-10-31	GHOST TOWN	Pop	Spotify	IE	137802
2021-10-31	GHOST TOWN	Pop	Spotify	GB	882582
2021-10-31	GHOST TOWN	Pop	Spotify	ES	84915
2021-10-31	GHOST TOWN	Pop	Spotify	FR	147469
2021-10-31	GHOST TOWN	Pop	Spotify	BY	1100
2021-10-31	GHOST TOWN	Pop	Spotify	SI	5346
2021-10-31	GHOST TOWN	Pop	Spotify	MT	5000
2021-10-31	GHOST TOWN	Pop	Spotify	HT	133
2021-12-31	GHOST TOWN	Pop	Spotify	AU	960290
2021-12-31	GHOST TOWN	Pop	Spotify	IT	233375
2021-12-31	GHOST TOWN	Pop	Spotify	AT	133061
2021-12-31	GHOST TOWN	Pop	Spotify	PE	26547
2021-12-31	GHOST TOWN	Pop	Spotify	IL	50690
2021-12-31	GHOST TOWN	Pop	Spotify	CO	27560
2021-12-31	GHOST TOWN	Pop	Spotify	TW	98494
2021-12-31	GHOST TOWN	Pop	Spotify	CY	8626
2021-10-31	GHOST TOWN	Pop	Spotify	BO	1960
2022-01-31	GHOST TOWN	Singer/Songwriter	Spotify	US	15304
2022-01-31	GHOST TOWN	Pop	Spotify	IN	235549
2022-01-31	GHOST TOWN	Pop	Spotify	BE	566272
2022-01-31	GHOST TOWN	Pop	Spotify	ID	541727
2022-01-31	GHOST TOWN	Singer/Songwriter	Spotify	AT	225
2022-01-31	GHOST TOWN	Pop	Spotify	NL	2432307
2022-01-31	GHOST TOWN	Pop	Spotify	AU	640284
2022-01-31	GHOST TOWN	Pop	Spotify	IE	136842
2022-01-31	GHOST TOWN	Pop	Spotify	TL	219
2022-01-31	GHOST TOWN	Singer/Songwriter	Spotify	EC	14
2022-01-31	GHOST TOWN	Pop	Spotify	SG	146700
2022-01-31	GHOST TOWN	Pop	Spotify	KW	3141
2022-01-31	GHOST TOWN	Pop	Spotify	JO	3302
2022-02-28	GHOST TOWN	Singer/Songwriter	Spotify	SE	2477
2022-02-28	GHOST TOWN	Pop	Spotify	ES	95247
2022-02-28	GHOST TOWN	Singer/Songwriter	Spotify	PL	412
2022-02-28	GHOST TOWN	Singer/Songwriter	Spotify	BR	187
2022-02-28	GHOST TOWN	Pop	Spotify	CO	14257
2022-02-28	GHOST TOWN	Pop	Spotify	UY	2824
2022-02-28	GHOST TOWN	Pop	Spotify	AR	28470
2022-02-28	GHOST TOWN	Pop	Spotify	TR	36589
2022-03-31	GHOST TOWN	Pop	Spotify	GY	56
2021-10-31	GHOST TOWN	Pop	Spotify	PL	85125
2021-11-30	GHOST TOWN	Pop	Spotify	BS	1030
2021-12-31	GHOST TOWN	Pop	Spotify	CW	421
2021-12-31	GHOST TOWN	Pop	Spotify	PA	8601
2022-01-31	GHOST TOWN	Singer/Songwriter	Spotify	CZ	115
2022-01-31	GHOST TOWN	Singer/Songwriter	Spotify	ID	506
2022-01-31	GHOST TOWN	Pop	Spotify	AT	116929
2022-01-31	GHOST TOWN	Singer/Songwriter	Spotify	NL	2721
2022-01-31	GHOST TOWN	Singer/Songwriter	Spotify	ES	376
2022-01-31	GHOST TOWN	Singer/Songwriter	Spotify	UA	16
2022-01-31	GHOST TOWN	Pop	Spotify	TJ	87
2022-01-31	GHOST TOWN	Singer/Songwriter	Spotify	SK	36
2022-01-31	GHOST TOWN	Pop	Spotify	GD	164
2022-01-31	GHOST TOWN	Pop	Spotify	NA	1821
2022-02-28	GHOST TOWN	Singer/Songwriter	Spotify	DE	3463
2022-02-28	GHOST TOWN	Singer/Songwriter	Spotify	GB	1643
2022-02-28	GHOST TOWN	Singer/Songwriter	Spotify	NZ	316
2022-02-28	GHOST TOWN	Pop	Spotify	GR	22531
2022-02-28	GHOST TOWN	Pop	Spotify	PH	296842
2022-02-28	GHOST TOWN	Singer/Songwriter	Spotify	HU	109
2022-02-28	GHOST TOWN	Singer/Songwriter	Spotify	HK	188
2022-02-28	GHOST TOWN	Pop	Spotify	OM	2241
2022-02-28	GHOST TOWN	Singer/Songwriter	Spotify	PA	5
2022-03-31	GHOST TOWN	Pop	Spotify	AE	1091
2022-03-31	GHOST TOWN	Pop	Spotify	AT	4774
2022-03-31	GHOST TOWN	Singer/Songwriter	Spotify	SE	185
2022-03-31	GHOST TOWN	Pop	Spotify	CZ	3782
2022-03-31	GHOST TOWN	Pop	Spotify	BY	322
2022-03-31	GHOST TOWN	Singer/Songwriter	Spotify	ES	25
2022-03-31	GHOST TOWN	Pop	Spotify	PY	186
2022-03-31	GHOST TOWN	Pop	Spotify	IT	9007
2022-03-31	GHOST TOWN	Pop	Spotify	JM	252
2022-03-31	GHOST TOWN	Pop	Spotify	LT	631
2022-03-31	GHOST TOWN	Singer/Songwriter	Spotify	BS	1
2022-01-31	GHOST TOWN	Pop	Spotify	MD	1610
2022-02-28	GHOST TOWN	Pop	Spotify	GE	1000
2022-02-28	GHOST TOWN	Pop	Spotify	VU	62
2022-02-28	GHOST TOWN	Pop	Spotify	JP	34315
2022-02-28	GHOST TOWN	Pop	Spotify	BD	3815
2022-03-31	GHOST TOWN	Pop	Spotify	MO	32
2021-11-30	GHOST TOWN	Pop	Spotify	MN	3172
2021-11-30	GHOST TOWN	Pop	Spotify	KZ	9343
2021-11-30	GHOST TOWN	Pop	Spotify	PS	1016
2021-10-31	GHOST TOWN	Pop	Spotify	PA	3320
2021-10-31	GHOST TOWN	Pop	Spotify	PS	388
2021-12-31	GHOST TOWN	Pop	Spotify	HK	68642
2021-12-31	GHOST TOWN	Pop	Spotify	PT	102510
2021-12-31	GHOST TOWN	Pop	Spotify	DZ	9957
2021-12-31	GHOST TOWN	Pop	Spotify	AE	28104
2021-12-31	GHOST TOWN	Pop	Spotify	AZ	2241
2022-01-31	GHOST TOWN	Singer/Songwriter	Spotify	SA	76
2022-01-31	GHOST TOWN	Pop	Spotify	RS	3829
2022-01-31	GHOST TOWN	Pop	Spotify	MC	458
2022-01-31	GHOST TOWN	Pop	Spotify	LC	194
2022-01-31	GHOST TOWN	Singer/Songwriter	Spotify	LT	7
2022-01-31	GHOST TOWN	Pop	Spotify	BZ	663
2022-01-31	GHOST TOWN	Pop	Spotify	MU	2564
2022-02-28	GHOST TOWN	Pop	Spotify	GD	103
2022-02-28	GHOST TOWN	Pop	Spotify	IQ	1653
2022-02-28	GHOST TOWN	Singer/Songwriter	Spotify	UG	4
2022-02-28	GHOST TOWN	Pop	Spotify	BY	2147
2022-02-28	GHOST TOWN	Pop	Spotify	BZ	540
2022-02-28	GHOST TOWN	Singer/Songwriter	Spotify	BZ	1
2022-02-28	GHOST TOWN	Pop	Spotify	ME	260
2022-02-28	GHOST TOWN	Pop	Spotify	EE	10008
2022-02-28	GHOST TOWN	Singer/Songwriter	Spotify	SI	28
2022-03-31	GHOST TOWN	Pop	Spotify	KH	295
2022-03-31	GHOST TOWN	Pop	Spotify	KW	169
2022-03-31	GHOST TOWN	Singer/Songwriter	Spotify	DO	2
2022-02-28	GHOST TOWN	Singer/Songwriter	Spotify	NA	2
2021-11-30	GHOST TOWN	Pop	Spotify	SN	592
2021-11-30	GHOST TOWN	Pop	Spotify	ST	3
2021-10-31	GHOST TOWN	Pop	Spotify	PG	113
2022-01-31	GHOST TOWN	Singer/Songwriter	Spotify	GT	13
2022-01-31	GHOST TOWN	Singer/Songwriter	Spotify	TT	11
2022-01-31	GHOST TOWN	Pop	Spotify	BF	75
2022-01-31	GHOST TOWN	Pop	Spotify	ML	69
2022-02-28	GHOST TOWN	Singer/Songwriter	Spotify	LT	7
2022-02-28	GHOST TOWN	Singer/Songwriter	Spotify	MV	107
2022-02-28	GHOST TOWN	Pop	Spotify	BA	1321
2021-11-30	GHOST TOWN	Pop	Spotify	NP	8668
2021-10-31	GHOST TOWN	Pop	Spotify	CV	63
2021-12-31	GHOST TOWN	Pop	Spotify	UG	4770
2021-12-31	GHOST TOWN	Pop	Spotify	TL	349
2021-12-31	GHOST TOWN	Pop	Spotify	TO	70
2021-12-31	GHOST TOWN	Pop	Spotify	SI	11156
2022-01-31	GHOST TOWN	Singer/Songwriter	Spotify	KZ	15
2022-01-31	GHOST TOWN	Singer/Songwriter	Spotify	IQ	3
2022-02-28	GHOST TOWN	Pop	Spotify	RW	966
2022-02-28	GHOST TOWN	Pop	Spotify	LB	3043
2022-02-28	GHOST TOWN	Pop	Spotify	BW	866
2022-02-28	GHOST TOWN	Singer/Songwriter	Spotify	MO	41
2022-02-28	GHOST TOWN	Pop	Spotify	SL	399
2022-02-28	GHOST TOWN	Pop	Spotify	SN	449
2022-02-28	GHOST TOWN	Pop	Spotify	BJ	211
2022-03-31	GHOST TOWN	Pop	Spotify	EE	705
2021-11-30	GHOST TOWN	Pop	Spotify	MZ	1651
2021-11-30	GHOST TOWN	Pop	Spotify	LK	9861
2021-12-31	GHOST TOWN	Pop	Spotify	SL	526
2022-01-31	GHOST TOWN	Pop	Spotify	GQ	25
2022-02-28	GHOST TOWN	Singer/Songwriter	Spotify	UY	16
2022-03-31	GHOST TOWN	Pop	Spotify	AD	56
2022-03-31	GHOST TOWN	Pop	Spotify	MZ	58
2022-03-31	GHOST TOWN	Singer/Songwriter	Spotify	PE	6
2021-11-30	GHOST TOWN	Pop	Spotify	SB	207
2021-11-30	GHOST TOWN	Pop	Spotify	NE	54
2021-10-31	GHOST TOWN	Pop	Spotify	OM	1011
2022-01-31	GHOST TOWN	Pop	Spotify	SL	345
2022-02-28	GHOST TOWN	Singer/Songwriter	Spotify	TL	1
2022-02-28	GHOST TOWN	Singer/Songwriter	Spotify	HT	2
2022-03-31	GHOST TOWN	Singer/Songwriter	Spotify	MO	4
2022-01-31	GHOST TOWN	Pop	Spotify	SN	458
2021-11-30	GHOST TOWN	Pop	Spotify	CV	462
2021-10-31	GHOST TOWN	Pop	Spotify	KW	1947
2021-10-31	GHOST TOWN	Pop	Spotify	LA	167
2021-12-31	GHOST TOWN	Pop	Spotify	ZW	1765
2021-12-31	GHOST TOWN	Pop	Spotify	MN	2330
2022-01-31	GHOST TOWN	Singer/Songwriter	Spotify	BH	1
2022-02-28	GHOST TOWN	Singer/Songwriter	Spotify	LA	1
2021-11-30	GHOST TOWN	Pop	Spotify	BF	106
2021-11-30	GHOST TOWN	Pop	Spotify	KG	2247
2021-12-31	GHOST TOWN	Pop	Spotify	WS	115
2021-12-31	GHOST TOWN	Pop	Spotify	MK	2820
2022-01-31	GHOST TOWN	Singer/Songwriter	Spotify	MV	7
2022-02-28	GHOST TOWN	Pop	Spotify	CD	272
2022-02-28	GHOST TOWN	Singer/Songwriter	Spotify	LY	2
2022-03-31	GHOST TOWN	Pop	Spotify	AM	35
2022-01-31	GHOST TOWN	Singer/Songwriter	Spotify	BO	4
2021-11-30	GHOST TOWN	Pop	Spotify	MX	370260
2021-11-30	GHOST TOWN	Pop	Spotify	PT	133467
2021-11-30	GHOST TOWN	Pop	Spotify	FR	568847
2021-11-30	GHOST TOWN	Pop	Spotify	UA	24725
2021-11-30	GHOST TOWN	Pop	Spotify	TR	92628
2021-11-30	GHOST TOWN	Pop	Spotify	RU	61544
2021-11-30	GHOST TOWN	Pop	Spotify	TH	101408
2021-11-30	GHOST TOWN	Pop	Spotify	BY	6161
2021-11-30	GHOST TOWN	Pop	Spotify	SA	33029
2021-11-30	GHOST TOWN	Pop	Spotify	HN	8069
2021-10-31	GHOST TOWN	Pop	Spotify	CA	846964
2021-10-31	GHOST TOWN	Pop	Spotify	CL	17784
2021-10-31	GHOST TOWN	Pop	Spotify	CH	108985
2021-10-31	GHOST TOWN	Pop	Spotify	GR	14110
2021-10-31	GHOST TOWN	Pop	Spotify	PE	7752
2021-10-31	GHOST TOWN	Pop	Spotify	HR	4328
2021-10-31	GHOST TOWN	Pop	Spotify	IS	30442
2021-10-31	GHOST TOWN	Pop	Spotify	LV	7276
2021-10-31	GHOST TOWN	Pop	Spotify	AG	78
2021-12-31	GHOST TOWN	Pop	Spotify	US	5673791
2021-12-31	GHOST TOWN	Pop	Spotify	UA	17455
2021-12-31	GHOST TOWN	Pop	Spotify	HT	905
2021-12-31	GHOST TOWN	Pop	Spotify	CV	344
2021-12-31	GHOST TOWN	Pop	Spotify	CI	400
2021-12-31	GHOST TOWN	Pop	Spotify	LY	661
2022-01-31	GHOST TOWN	Singer/Songwriter	Spotify	FR	2371
2022-01-31	GHOST TOWN	Singer/Songwriter	Spotify	NO	2523
2022-01-31	GHOST TOWN	Pop	Spotify	NZ	240065
2022-01-31	GHOST TOWN	Singer/Songwriter	Spotify	PE	30
2022-01-31	GHOST TOWN	Singer/Songwriter	Spotify	HU	76
2022-01-31	GHOST TOWN	Pop	Spotify	EC	6854
2022-01-31	GHOST TOWN	Pop	Spotify	KN	99
2022-01-31	GHOST TOWN	Pop	Spotify	SI	9354
2022-01-31	GHOST TOWN	Singer/Songwriter	Spotify	DO	21
2022-02-28	GHOST TOWN	Pop	Spotify	CA	615472
2022-02-28	GHOST TOWN	Pop	Spotify	GH	4755
2022-02-28	GHOST TOWN	Pop	Spotify	MZ	716
2022-02-28	GHOST TOWN	Pop	Spotify	BN	4032
2022-03-31	GHOST TOWN	Singer/Songwriter	Spotify	UY	3
2022-03-31	GHOST TOWN	Singer/Songwriter	Spotify	GT	4
2021-11-30	GHOST TOWN	Pop	Spotify	MY	309377
2021-10-31	GHOST TOWN	Pop	Spotify	EC	4199
2021-10-31	GHOST TOWN	Pop	Spotify	AL	792
2021-10-31	GHOST TOWN	Pop	Spotify	AZ	413
2021-12-31	GHOST TOWN	Pop	Spotify	RO	35277
2022-01-31	GHOST TOWN	Singer/Songwriter	Spotify	DE	2842
2022-01-31	GHOST TOWN	Pop	Spotify	PE	12704
2022-01-31	GHOST TOWN	Pop	Spotify	AE	20008
2022-01-31	GHOST TOWN	Pop	Spotify	UA	11588
2022-01-31	GHOST TOWN	Singer/Songwriter	Spotify	SI	18
2022-02-28	GHOST TOWN	Singer/Songwriter	Spotify	PT	191
2022-02-28	GHOST TOWN	Pop	Spotify	NZ	161970
2022-02-28	GHOST TOWN	Singer/Songwriter	Spotify	ZA	199
2022-02-28	GHOST TOWN	Pop	Spotify	FI	145349
2022-02-28	GHOST TOWN	Singer/Songwriter	Spotify	NO	1653
2022-02-28	GHOST TOWN	Pop	Spotify	UA	8362
2022-03-31	GHOST TOWN	Singer/Songwriter	Spotify	RU	3
2022-03-31	GHOST TOWN	Singer/Songwriter	Spotify	AR	6
2022-03-31	GHOST TOWN	Singer/Songwriter	Spotify	QA	2
2022-03-31	GHOST TOWN	Pop	Spotify	MK	77
2022-03-31	GHOST TOWN	Pop	Spotify	DJ	1
2021-10-31	GHOST TOWN	Pop	Spotify	TZ	606
2022-02-28	GHOST TOWN	Singer/Songwriter	Spotify	HR	24
2022-02-28	GHOST TOWN	Pop	Spotify	PA	3824
2022-03-31	GHOST TOWN	Pop	Spotify	ML	12
2022-03-31	GHOST TOWN	Singer/Songwriter	Spotify	HU	3
2021-11-30	GHOST TOWN	Pop	Spotify	BG	17461
2021-11-30	GHOST TOWN	Pop	Spotify	PA	13275
2021-11-30	GHOST TOWN	Pop	Spotify	CG	2
2021-11-30	GHOST TOWN	Pop	Spotify	DO	12077
2021-11-30	GHOST TOWN	Pop	Spotify	GM	91
2021-11-30	GHOST TOWN	Pop	Spotify	XK	1509
2021-10-31	GHOST TOWN	Pop	Spotify	VN	11367
2021-10-31	GHOST TOWN	Pop	Spotify	ZM	422
2021-10-31	GHOST TOWN	Pop	Spotify	ZW	326
2021-10-31	GHOST TOWN	Pop	Spotify	NP	1679
2021-12-31	GHOST TOWN	Pop	Spotify	IE	168133
2021-12-31	GHOST TOWN	Pop	Spotify	PY	7694
2021-12-31	GHOST TOWN	Pop	Spotify	KM	28
2021-12-31	GHOST TOWN	Pop	Spotify	IN	304607
2022-01-31	GHOST TOWN	Singer/Songwriter	Spotify	ZA	204
2022-01-31	GHOST TOWN	Singer/Songwriter	Spotify	EG	62
2022-01-31	GHOST TOWN	Pop	Spotify	EE	11185
2022-01-31	GHOST TOWN	Pop	Spotify	LI	609
2022-01-31	GHOST TOWN	Singer/Songwriter	Spotify	BG	4
2022-02-28	GHOST TOWN	Singer/Songwriter	Spotify	SB	2
2022-02-28	GHOST TOWN	Pop	Spotify	IS	17251
2022-02-28	GHOST TOWN	Pop	Spotify	TZ	2451
2022-02-28	GHOST TOWN	Pop	Spotify	KZ	2699
2022-02-28	GHOST TOWN	Singer/Songwriter	Spotify	KZ	56
2022-02-28	GHOST TOWN	Pop	Spotify	KE	12150
2022-02-28	GHOST TOWN	Pop	Spotify	CM	1033
2022-03-31	GHOST TOWN	Pop	Spotify	KZ	237
2022-03-31	GHOST TOWN	Singer/Songwriter	Spotify	CO	1
2022-03-31	GHOST TOWN	Pop	Spotify	ID	21236
2022-03-31	GHOST TOWN	Singer/Songwriter	Spotify	ID	28
2022-02-28	GHOST TOWN	Singer/Songwriter	Spotify	EC	22
2021-11-30	GHOST TOWN	Pop	Spotify	GE	3200
2021-11-30	GHOST TOWN	Pop	Spotify	BN	9251
2021-11-30	GHOST TOWN	Pop	Spotify	SV	7887
2021-10-31	GHOST TOWN	Pop	Spotify	DZ	2194
2021-10-31	GHOST TOWN	Pop	Spotify	ML	10
2021-10-31	GHOST TOWN	Pop	Spotify	BJ	38
2021-12-31	GHOST TOWN	Pop	Spotify	GH	4322
2022-01-31	GHOST TOWN	Singer/Songwriter	Spotify	IS	29
2022-01-31	GHOST TOWN	Pop	Spotify	UY	3779
2022-01-31	GHOST TOWN	Singer/Songwriter	Spotify	BY	7
2022-01-31	GHOST TOWN	Singer/Songwriter	Spotify	ML	1
2022-01-31	GHOST TOWN	Pop	Spotify	HT	684
2022-01-31	GHOST TOWN	Pop	Spotify	ZM	2026
2022-01-31	GHOST TOWN	Singer/Songwriter	Spotify	ZM	8
2022-02-28	GHOST TOWN	Pop	Spotify	LR	57
2022-02-28	GHOST TOWN	Singer/Songwriter	Spotify	LV	21
2022-02-28	GHOST TOWN	Pop	Spotify	TH	31352
2022-02-28	GHOST TOWN	Singer/Songwriter	Spotify	MU	9
2022-02-28	GHOST TOWN	Pop	Spotify	MV	1806
2022-02-28	GHOST TOWN	Pop	Spotify	BB	527
2022-03-31	GHOST TOWN	Singer/Songwriter	Spotify	CR	4
2022-03-31	GHOST TOWN	Pop	Spotify	CH	8319
2021-11-30	GHOST TOWN	Pop	Spotify	RW	1243
2021-11-30	GHOST TOWN	Pop	Spotify	KM	24
2021-10-31	GHOST TOWN	Pop	Spotify	BS	207
2021-10-31	GHOST TOWN	Pop	Spotify	CM	119
2021-12-31	GHOST TOWN	Pop	Spotify	KG	1647
2021-12-31	GHOST TOWN	Pop	Spotify	DM	91
2021-12-31	GHOST TOWN	Pop	Spotify	FM	44
2021-12-31	GHOST TOWN	Pop	Spotify	MW	1226
2022-01-31	GHOST TOWN	Singer/Songwriter	Spotify	CY	12
2022-01-31	GHOST TOWN	Pop	Spotify	PS	698
2022-01-31	GHOST TOWN	Pop	Spotify	VE	3414
2022-01-31	GHOST TOWN	Pop	Spotify	DJ	21
2022-02-28	GHOST TOWN	Singer/Songwriter	Spotify	BS	3
2022-02-28	GHOST TOWN	Singer/Songwriter	Spotify	TG	1
2022-02-28	GHOST TOWN	Pop	Spotify	MR	144
2022-02-28	GHOST TOWN	Pop	Spotify	SM	19
2022-02-28	GHOST TOWN	Pop	Spotify	PG	616
2022-02-28	GHOST TOWN	Singer/Songwriter	Spotify	BI	3
2022-02-28	GHOST TOWN	Singer/Songwriter	Spotify	BN	25
2022-03-31	GHOST TOWN	Singer/Songwriter	Spotify	TW	10
2022-03-31	GHOST TOWN	Pop	Spotify	GM	4
2022-03-31	GHOST TOWN	Pop	Spotify	GN	3
2021-11-30	GHOST TOWN	Pop	Spotify	NG	18866
2021-10-31	GHOST TOWN	Pop	Spotify	KN	34
2021-12-31	GHOST TOWN	Pop	Spotify	NP	6857
2021-12-31	GHOST TOWN	Pop	Spotify	BB	723
2021-12-31	GHOST TOWN	Pop	Spotify	SB	162
2022-03-31	GHOST TOWN	Pop	Spotify	PE	992
2021-11-30	GHOST TOWN	Pop	Spotify	MW	1061
2021-11-30	GHOST TOWN	Pop	Spotify	TD	18
2021-11-30	GHOST TOWN	Pop	Spotify	TG	312
2021-10-31	GHOST TOWN	Pop	Spotify	TL	50
2022-01-31	GHOST TOWN	Pop	Spotify	TV	1
2022-01-31	GHOST TOWN	Pop	Spotify	GA	118
2022-01-31	GHOST TOWN	Singer/Songwriter	Spotify	TN	19
2022-01-31	GHOST TOWN	Singer/Songwriter	Spotify	OM	1
2022-01-31	GHOST TOWN	Pop	Spotify	WS	73
2022-02-28	GHOST TOWN	Pop	Spotify	SR	435
2022-03-31	GHOST TOWN	Pop	Spotify	VU	8
2022-03-31	GHOST TOWN	Pop	Spotify	WS	9
2022-03-31	GHOST TOWN	Pop	Spotify	TT	179
2022-03-31	GHOST TOWN	Singer/Songwriter	Spotify	GH	1
2021-11-30	GHOST TOWN	Pop	Spotify	AL	4164
2021-12-31	GHOST TOWN	Pop	Spotify	LI	954
2021-12-31	GHOST TOWN	Pop	Spotify	AL	4015
2021-12-31	GHOST TOWN	Pop	Spotify	BI	99
2021-12-31	GHOST TOWN	Pop	Spotify	JO	4291
2022-01-31	GHOST TOWN	Pop	Spotify	FM	13
2022-01-31	GHOST TOWN	Pop	Spotify	CV	179
2022-01-31	GHOST TOWN	Pop	Spotify	GH	3925
2022-01-31	GHOST TOWN	Pop	Spotify	GM	41
2022-02-28	GHOST TOWN	Singer/Songwriter	Spotify	LR	2
2022-03-31	GHOST TOWN	Pop	Spotify	PG	54
2021-11-30	GHOST TOWN	Pop	Spotify	BZ	1422
2021-11-30	GHOST TOWN	Pop	Spotify	BB	906
2021-12-31	GHOST TOWN	Pop	Spotify	ML	126
2022-02-28	GHOST TOWN	Pop	Spotify	LY	390
2021-11-30	GHOST TOWN	Pop	Spotify	LT	35733
2021-11-30	GHOST TOWN	Pop	Spotify	JP	170391
2021-11-30	GHOST TOWN	Pop	Spotify	CH	255514
2021-11-30	GHOST TOWN	Pop	Spotify	AR	98000
2021-11-30	GHOST TOWN	Pop	Spotify	AT	211597
2021-11-30	GHOST TOWN	Pop	Spotify	NZ	424998
2021-11-30	GHOST TOWN	Pop	Spotify	CD	24
2021-11-30	GHOST TOWN	Pop	Spotify	ID	1026197
2021-11-30	GHOST TOWN	Pop	Spotify	VN	64818
2021-11-30	GHOST TOWN	Pop	Spotify	SG	320692
2021-11-30	GHOST TOWN	Pop	Spotify	PK	13115
2021-10-31	GHOST TOWN	Pop	Spotify	RU	13890
2021-10-31	GHOST TOWN	Pop	Spotify	MY	70478
2021-10-31	GHOST TOWN	Pop	Spotify	BR	81444
2021-10-31	GHOST TOWN	Pop	Spotify	PH	129336
2021-10-31	GHOST TOWN	Pop	Spotify	ID	136671
2021-10-31	GHOST TOWN	Pop	Spotify	FI	165086
2021-10-31	GHOST TOWN	Pop	Spotify	EE	7689
2021-11-30	GHOST TOWN	Pop	Spotify	UG	5346
2021-10-31	GHOST TOWN	Pop	Spotify	SB	118
2021-10-31	GHOST TOWN	Pop	Spotify	CY	3449
2021-10-31	GHOST TOWN	Pop	Spotify	LT	7465
2021-10-31	GHOST TOWN	Pop	Spotify	BD	1305
2021-12-31	GHOST TOWN	Pop	Spotify	PH	718040
2021-12-31	GHOST TOWN	Pop	Spotify	FR	523840
2021-12-31	GHOST TOWN	Pop	Spotify	TR	68652
2021-12-31	GHOST TOWN	Pop	Spotify	KW	4908
2021-12-31	GHOST TOWN	Pop	Spotify	MT	13035
2022-01-31	GHOST TOWN	Pop	Spotify	NO	1485053
2022-01-31	GHOST TOWN	Pop	Spotify	TW	61344
2022-01-31	GHOST TOWN	Pop	Spotify	FR	1016781
2022-01-31	GHOST TOWN	Pop	Spotify	PH	381148
2022-01-31	GHOST TOWN	Pop	Spotify	HK	41975
2022-01-31	GHOST TOWN	Singer/Songwriter	Spotify	RS	12
2022-01-31	GHOST TOWN	Pop	Spotify	MA	11050
2022-01-31	GHOST TOWN	Singer/Songwriter	Spotify	MA	22
2022-01-31	GHOST TOWN	Singer/Songwriter	Spotify	KE	32
2022-01-31	GHOST TOWN	Pop	Spotify	LR	70
2022-02-28	GHOST TOWN	Pop	Spotify	US	3337052
2022-02-28	GHOST TOWN	Pop	Spotify	GB	701907
2022-02-28	GHOST TOWN	Pop	Spotify	NL	1841892
2022-02-28	GHOST TOWN	Singer/Songwriter	Spotify	ID	573
2022-02-28	GHOST TOWN	Pop	Spotify	CL	23722
2022-02-28	GHOST TOWN	Singer/Songwriter	Spotify	AR	101
2022-02-28	GHOST TOWN	Pop	Spotify	BO	3050
2022-02-28	GHOST TOWN	Singer/Songwriter	Spotify	CY	5
2022-03-31	GHOST TOWN	Singer/Songwriter	Spotify	DE	104
2022-03-31	GHOST TOWN	Pop	Spotify	SG	8588
2022-03-31	GHOST TOWN	Pop	Spotify	IE	6441
2021-10-31	GHOST TOWN	Pop	Spotify	PT	36158
2021-11-30	GHOST TOWN	Pop	Spotify	UY	13133
2021-12-31	GHOST TOWN	Pop	Spotify	CZ	68711
2021-12-31	GHOST TOWN	Pop	Spotify	NL	2030554
2021-12-31	GHOST TOWN	Pop	Spotify	KI	6
2021-12-31	GHOST TOWN	Pop	Spotify	KN	73
2021-12-31	GHOST TOWN	Pop	Spotify	KE	13501
2021-12-31	GHOST TOWN	Pop	Spotify	PK	9184
2021-12-31	GHOST TOWN	Pop	Spotify	LV	17370
2022-01-31	GHOST TOWN	Pop	Spotify	DE	1155563
2022-01-31	GHOST TOWN	Singer/Songwriter	Spotify	SE	2903
2022-01-31	GHOST TOWN	Pop	Spotify	CL	32765
2022-01-31	GHOST TOWN	Pop	Spotify	BY	2644
2022-01-31	GHOST TOWN	Pop	Spotify	KZ	2711
2022-01-31	GHOST TOWN	Pop	Spotify	LK	5439
2022-01-31	GHOST TOWN	Singer/Songwriter	Spotify	MT	6
2022-02-28	GHOST TOWN	Pop	Spotify	RU	23746
2022-02-28	GHOST TOWN	Singer/Songwriter	Spotify	PE	47
2022-02-28	GHOST TOWN	Pop	Spotify	NO	953590
2022-02-28	GHOST TOWN	Pop	Spotify	DO	3855
2022-02-28	GHOST TOWN	Pop	Spotify	SV	2260
2022-02-28	GHOST TOWN	Singer/Songwriter	Spotify	SA	34
2022-02-28	GHOST TOWN	Singer/Songwriter	Spotify	PY	4
2022-02-28	GHOST TOWN	Pop	Spotify	GT	4973
2022-02-28	GHOST TOWN	Singer/Songwriter	Spotify	NG	64
2022-02-28	GHOST TOWN	Pop	Spotify	CY	4375
2022-03-31	GHOST TOWN	Pop	Spotify	DE	42745
2022-03-31	GHOST TOWN	Pop	Spotify	KN	8
2022-03-31	GHOST TOWN	Pop	Spotify	KR	3541
2022-03-31	GHOST TOWN	Pop	Spotify	LU	1165
2022-03-31	GHOST TOWN	Singer/Songwriter	Spotify	FR	201
2022-03-31	GHOST TOWN	Pop	Spotify	UG	242
2022-03-31	GHOST TOWN	Pop	Spotify	GB	49716
2022-03-31	GHOST TOWN	Pop	Spotify	EC	365
2021-12-31	GHOST TOWN	Pop	Spotify	GB	1211847
2021-12-31	GHOST TOWN	Pop	Spotify	ZM	3242
2022-01-31	GHOST TOWN	Singer/Songwriter	Spotify	IL	53
2022-01-31	GHOST TOWN	Pop	Spotify	HN	3195
2022-02-28	GHOST TOWN	Singer/Songwriter	Spotify	TW	61
2022-02-28	GHOST TOWN	Singer/Songwriter	Spotify	MX	303
2022-02-28	GHOST TOWN	Pop	Spotify	MD	1125
2022-02-28	GHOST TOWN	Pop	Spotify	HN	2446
2022-02-28	GHOST TOWN	Pop	Spotify	NG	16770
2022-02-28	GHOST TOWN	Pop	Spotify	CV	170
2022-03-31	GHOST TOWN	Singer/Songwriter	Spotify	NO	126
2022-03-31	GHOST TOWN	Singer/Songwriter	Spotify	IN	18
2022-02-28	GHOST TOWN	Singer/Songwriter	Spotify	IQ	4
2021-11-30	GHOST TOWN	Pop	Spotify	MU	3546
2021-10-31	GHOST TOWN	Pop	Spotify	MA	3755
2021-10-31	GHOST TOWN	Pop	Spotify	DJ	9
2021-10-31	GHOST TOWN	Pop	Spotify	MG	68
2021-12-31	GHOST TOWN	Pop	Spotify	BO	7796
2021-12-31	GHOST TOWN	Pop	Spotify	MZ	1088
2021-12-31	GHOST TOWN	Pop	Spotify	BF	94
2021-12-31	GHOST TOWN	Pop	Spotify	BG	11265
2022-01-31	GHOST TOWN	Pop	Spotify	TN	4642
2022-01-31	GHOST TOWN	Singer/Songwriter	Spotify	KW	18
2022-01-31	GHOST TOWN	Singer/Songwriter	Spotify	HR	64
2022-01-31	GHOST TOWN	Singer/Songwriter	Spotify	MZ	6
2022-02-28	GHOST TOWN	Singer/Songwriter	Spotify	VN	65
2022-02-28	GHOST TOWN	Singer/Songwriter	Spotify	CL	43
2022-02-28	GHOST TOWN	Singer/Songwriter	Spotify	AG	1
2022-02-28	GHOST TOWN	Singer/Songwriter	Spotify	GE	3
2022-02-28	GHOST TOWN	Singer/Songwriter	Spotify	TN	7
2022-02-28	GHOST TOWN	Pop	Spotify	RS	2553
2022-02-28	GHOST TOWN	Singer/Songwriter	Spotify	BD	6
2022-03-31	GHOST TOWN	Pop	Spotify	AZ	87
2022-03-31	GHOST TOWN	Pop	Spotify	BA	88
2022-03-31	GHOST TOWN	Pop	Spotify	SC	31
2022-03-31	GHOST TOWN	Pop	Spotify	PW	9
2022-03-31	GHOST TOWN	Pop	Spotify	QA	211
2022-03-31	GHOST TOWN	Pop	Spotify	BJ	16
2022-02-28	GHOST TOWN	Pop	Spotify	IL	21936
2021-11-30	GHOST TOWN	Pop	Spotify	BI	166
2021-11-30	GHOST TOWN	Pop	Spotify	SK	42457
2021-11-30	GHOST TOWN	Pop	Spotify	HT	916
2021-11-30	GHOST TOWN	Pop	Spotify	SR	1114
2021-10-31	GHOST TOWN	Pop	Spotify	KE	2832
2021-12-31	GHOST TOWN	Pop	Spotify	GQ	36
2021-12-31	GHOST TOWN	Pop	Spotify	DJ	87
2021-12-31	GHOST TOWN	Pop	Spotify	BN	7386
2022-01-31	GHOST TOWN	Pop	Spotify	IS	24168
2022-01-31	GHOST TOWN	Singer/Songwriter	Spotify	NA	5
2022-01-31	GHOST TOWN	Singer/Songwriter	Spotify	MO	2
2022-01-31	GHOST TOWN	Pop	Spotify	UG	3058
2022-03-31	GHOST TOWN	Pop	Spotify	TJ	4
2022-03-31	GHOST TOWN	Pop	Spotify	IL	1732
2022-02-28	GHOST TOWN	Singer/Songwriter	Spotify	LU	45
2021-11-30	GHOST TOWN	Pop	Spotify	KE	16434
2021-11-30	GHOST TOWN	Pop	Spotify	VU	168
2021-11-30	GHOST TOWN	Pop	Spotify	WS	243
2021-10-31	GHOST TOWN	Pop	Spotify	MR	25
2022-01-31	GHOST TOWN	Pop	Spotify	LU	15134
2022-01-31	GHOST TOWN	Singer/Songwriter	Spotify	LA	5
2022-01-31	GHOST TOWN	Singer/Songwriter	Spotify	NP	7
2022-01-31	GHOST TOWN	Pop	Spotify	LY	440
2022-01-31	GHOST TOWN	Singer/Songwriter	Spotify	LY	4
2022-01-31	GHOST TOWN	Pop	Spotify	UZ	1635
2022-01-31	GHOST TOWN	Pop	Spotify	VC	136
2022-01-31	GHOST TOWN	Pop	Spotify	DZ	6157
2022-02-28	GHOST TOWN	Singer/Songwriter	Spotify	AL	4
2022-02-28	GHOST TOWN	Singer/Songwriter	Spotify	AM	4
2022-02-28	GHOST TOWN	Pop	Spotify	CI	554
2022-02-28	GHOST TOWN	Pop	Spotify	GQ	26
2022-02-28	GHOST TOWN	Pop	Spotify	SZ	222
2022-02-28	GHOST TOWN	Singer/Songwriter	Spotify	JO	5
2022-02-28	GHOST TOWN	Singer/Songwriter	Spotify	EG	28
2022-02-28	GHOST TOWN	Pop	Spotify	UZ	1454
2022-03-31	GHOST TOWN	Singer/Songwriter	Spotify	MY	27
2022-03-31	GHOST TOWN	Pop	Spotify	NZ	11134
2022-03-31	GHOST TOWN	Singer/Songwriter	Spotify	BO	1
2021-11-30	GHOST TOWN	Pop	Spotify	NA	2446
2021-11-30	GHOST TOWN	Pop	Spotify	OM	3624
2021-10-31	GHOST TOWN	Pop	Spotify	KM	1
2021-10-31	GHOST TOWN	Pop	Spotify	FM	15
2021-12-31	GHOST TOWN	Pop	Spotify	BS	663
2021-12-31	GHOST TOWN	Pop	Spotify	RW	1103
2022-01-31	GHOST TOWN	Singer/Songwriter	Spotify	UY	5
2022-01-31	GHOST TOWN	Pop	Spotify	QA	4975
2022-01-31	GHOST TOWN	Singer/Songwriter	Spotify	TZ	6
2022-02-28	GHOST TOWN	Pop	Spotify	GA	126
2022-02-28	GHOST TOWN	Pop	Spotify	TJ	90
2022-02-28	GHOST TOWN	Pop	Spotify	HT	687
2022-03-31	GHOST TOWN	Singer/Songwriter	Spotify	LK	2
2021-11-30	GHOST TOWN	Pop	Spotify	SZ	375
2021-12-31	GHOST TOWN	Pop	Spotify	PG	614
2021-12-31	GHOST TOWN	Pop	Spotify	MO	850
2022-01-31	GHOST TOWN	Singer/Songwriter	Spotify	CG	1
2022-01-31	GHOST TOWN	Pop	Spotify	PW	106
2022-01-31	GHOST TOWN	Singer/Songwriter	Spotify	HN	2
2022-01-31	GHOST TOWN	Pop	Spotify	VU	84
2022-01-31	GHOST TOWN	Pop	Spotify	XK	500
2022-01-31	GHOST TOWN	Singer/Songwriter	Spotify	ZW	4
2022-02-28	GHOST TOWN	Pop	Spotify	LA	428
2022-03-31	GHOST TOWN	Pop	Spotify	XK	36
2022-03-31	GHOST TOWN	Singer/Songwriter	Spotify	ZM	2
2022-03-31	GHOST TOWN	Pop	Spotify	HT	67
2021-11-30	GHOST TOWN	Pop	Spotify	GD	260
2021-11-30	GHOST TOWN	Pop	Spotify	TJ	15
2021-12-31	GHOST TOWN	Pop	Spotify	LB	4222
2021-12-31	GHOST TOWN	Pop	Spotify	LA	830
2022-01-31	GHOST TOWN	Singer/Songwriter	Spotify	CV	2
2022-01-31	GHOST TOWN	Pop	Spotify	CW	429
2022-01-31	GHOST TOWN	Pop	Spotify	GN	44
2022-03-31	GHOST TOWN	Pop	Spotify	NE	3
2022-03-31	GHOST TOWN	Pop	Spotify	SN	32
2021-10-31	GHOST TOWN	Pop	Spotify	VU	6
2021-10-31	GHOST TOWN	Pop	Spotify	BF	39
2021-12-31	GHOST TOWN	Pop	Spotify	LR	65
2021-12-31	GHOST TOWN	Pop	Spotify	XK	809
2021-12-31	GHOST TOWN	Pop	Spotify	GY	1109
2021-11-30	GHOST TOWN	Pop	Spotify	US	9128650
2021-11-30	GHOST TOWN	Pop	Spotify	DE	1969381
2021-11-30	GHOST TOWN	Pop	Spotify	IE	325074
2021-11-30	GHOST TOWN	Pop	Spotify	PL	313737
2021-11-30	GHOST TOWN	Pop	Spotify	ES	337885
2021-11-30	GHOST TOWN	Pop	Spotify	PY	12350
2021-11-30	GHOST TOWN	Pop	Spotify	GR	55279
2021-11-30	GHOST TOWN	Pop	Spotify	ME	807
2021-11-30	GHOST TOWN	Pop	Spotify	MK	4820
2021-11-30	GHOST TOWN	Pop	Spotify	HK	95380
2021-10-31	GHOST TOWN	Pop	Spotify	IT	83279
2021-10-31	GHOST TOWN	Pop	Spotify	MD	665
2021-10-31	GHOST TOWN	Pop	Spotify	MK	560
2021-10-31	GHOST TOWN	Pop	Spotify	UY	2670
2021-10-31	GHOST TOWN	Pop	Spotify	BA	640
2021-12-31	GHOST TOWN	Pop	Spotify	BR	297755
2021-12-31	GHOST TOWN	Pop	Spotify	PL	198772
2021-12-31	GHOST TOWN	Pop	Spotify	MY	218777
2021-12-31	GHOST TOWN	Pop	Spotify	MC	388
2021-10-31	GHOST TOWN	Pop	Spotify	BW	188
2021-10-31	GHOST TOWN	Pop	Spotify	BN	2301
2022-01-31	GHOST TOWN	Pop	Spotify	CZ	63091
2022-01-31	GHOST TOWN	Pop	Spotify	AR	34862
2022-01-31	GHOST TOWN	Singer/Songwriter	Spotify	AR	70
2022-01-31	GHOST TOWN	Pop	Spotify	CR	6719
2022-01-31	GHOST TOWN	Singer/Songwriter	Spotify	KR	137
2022-01-31	GHOST TOWN	Singer/Songwriter	Spotify	JM	5
2022-02-28	GHOST TOWN	Pop	Spotify	FR	1494039
2022-02-28	GHOST TOWN	Pop	Spotify	VN	23653
2022-02-28	GHOST TOWN	Singer/Songwriter	Spotify	IE	216
2022-02-28	GHOST TOWN	Pop	Spotify	IE	100049
2022-02-28	GHOST TOWN	Pop	Spotify	IN	177600
2022-02-28	GHOST TOWN	Pop	Spotify	CR	5577
2022-02-28	GHOST TOWN	Pop	Spotify	AE	16928
2022-02-28	GHOST TOWN	Pop	Spotify	HK	28526
2022-03-31	GHOST TOWN	Pop	Spotify	AR	2147
2022-03-31	GHOST TOWN	Pop	Spotify	FR	126460
2022-03-31	GHOST TOWN	Pop	Spotify	LY	31
2022-03-31	GHOST TOWN	Pop	Spotify	MT	489
2022-03-31	GHOST TOWN	Singer/Songwriter	Spotify	DK	152
2022-03-31	GHOST TOWN	Pop	Spotify	GT	422
2022-03-31	GHOST TOWN	Pop	Spotify	BN	268
2021-11-30	GHOST TOWN	Pop	Spotify	CZ	99956
2021-10-31	GHOST TOWN	Pop	Spotify	AU	438336
2022-01-31	GHOST TOWN	Pop	Spotify	IT	151064
2022-01-31	GHOST TOWN	Pop	Spotify	MY	157687
2022-01-31	GHOST TOWN	Pop	Spotify	KM	21
2022-01-31	GHOST TOWN	Singer/Songwriter	Spotify	JO	14
2022-01-31	GHOST TOWN	Pop	Spotify	DO	4572
2022-02-28	GHOST TOWN	Singer/Songwriter	Spotify	RU	35
2022-02-28	GHOST TOWN	Singer/Songwriter	Spotify	DK	2514
2022-02-28	GHOST TOWN	Singer/Songwriter	Spotify	IT	135
2022-02-28	GHOST TOWN	Singer/Songwriter	Spotify	IL	45
2022-02-28	GHOST TOWN	Pop	Spotify	AG	117
2022-02-28	GHOST TOWN	Pop	Spotify	AL	1391
2022-02-28	GHOST TOWN	Pop	Spotify	TT	3099
2022-03-31	GHOST TOWN	Singer/Songwriter	Spotify	AU	62
2022-03-31	GHOST TOWN	Pop	Spotify	BW	102
2022-03-31	GHOST TOWN	Pop	Spotify	MN	80
2022-03-31	GHOST TOWN	Pop	Spotify	HK	2135
2022-03-31	GHOST TOWN	Singer/Songwriter	Spotify	HK	3
2022-03-31	GHOST TOWN	Pop	Spotify	BF	5
2022-01-31	GHOST TOWN	Pop	Spotify	GB	984293
2022-02-28	GHOST TOWN	Pop	Spotify	CH	121837
2022-02-28	GHOST TOWN	Singer/Songwriter	Spotify	CO	22
2021-11-30	GHOST TOWN	Pop	Spotify	BO	11442
2021-11-30	GHOST TOWN	Pop	Spotify	IS	51957
2021-11-30	GHOST TOWN	Pop	Spotify	KR	35582
2021-11-30	GHOST TOWN	Pop	Spotify	LU	19992
2021-10-31	GHOST TOWN	Pop	Spotify	JO	1532
2021-10-31	GHOST TOWN	Pop	Spotify	GM	8
2021-10-31	GHOST TOWN	Pop	Spotify	LR	45
2021-10-31	GHOST TOWN	Pop	Spotify	BB	152
2021-10-31	GHOST TOWN	Pop	Spotify	TD	3
2021-12-31	GHOST TOWN	Pop	Spotify	KZ	6360
2021-12-31	GHOST TOWN	Pop	Spotify	RS	6164
2021-12-31	GHOST TOWN	Pop	Spotify	IS	26363
2021-12-31	GHOST TOWN	Pop	Spotify	MV	2842
2022-01-31	GHOST TOWN	Pop	Spotify	RW	1086
2022-01-31	GHOST TOWN	Singer/Songwriter	Spotify	PY	4
2022-01-31	GHOST TOWN	Singer/Songwriter	Spotify	MD	2
2022-01-31	GHOST TOWN	Pop	Spotify	KE	11859
2022-01-31	GHOST TOWN	Pop	Spotify	LA	528
2022-01-31	GHOST TOWN	Pop	Spotify	LS	168
2022-01-31	GHOST TOWN	Pop	Spotify	MT	9011
2022-02-28	GHOST TOWN	Pop	Spotify	SA	15120
2022-02-28	GHOST TOWN	Singer/Songwriter	Spotify	ME	19
2022-02-28	GHOST TOWN	Pop	Spotify	KR	26249
2022-02-28	GHOST TOWN	Singer/Songwriter	Spotify	KE	49
2022-02-28	GHOST TOWN	Pop	Spotify	KG	871
2022-03-31	GHOST TOWN	Singer/Songwriter	Spotify	KR	57
2022-03-31	GHOST TOWN	Pop	Spotify	LB	179
2022-03-31	GHOST TOWN	Pop	Spotify	LI	28
2022-03-31	GHOST TOWN	Pop	Spotify	SI	383
2022-03-31	GHOST TOWN	Singer/Songwriter	Spotify	LV	1
2022-03-31	GHOST TOWN	Pop	Spotify	NL	123419
2022-03-31	GHOST TOWN	Pop	Spotify	TZ	181
2021-11-30	GHOST TOWN	Pop	Spotify	AZ	2525
2021-11-30	GHOST TOWN	Pop	Spotify	BA	3471
2021-10-31	GHOST TOWN	Pop	Spotify	BI	15
2021-12-31	GHOST TOWN	Pop	Spotify	SK	27057
2022-01-31	GHOST TOWN	Singer/Songwriter	Spotify	PA	7
2022-01-31	GHOST TOWN	Pop	Spotify	BT	1742
2022-01-31	GHOST TOWN	Singer/Songwriter	Spotify	BW	8
2022-01-31	GHOST TOWN	Pop	Spotify	MR	177
2022-02-28	GHOST TOWN	Singer/Songwriter	Spotify	ZW	7
2022-02-28	GHOST TOWN	Singer/Songwriter	Spotify	LK	43
2022-02-28	GHOST TOWN	Pop	Spotify	MU	2305
2022-02-28	GHOST TOWN	Pop	Spotify	LC	154
2022-02-28	GHOST TOWN	Singer/Songwriter	Spotify	BA	14
2022-03-31	GHOST TOWN	Pop	Spotify	TR	3395
2022-03-31	GHOST TOWN	Pop	Spotify	UZ	94
2022-03-31	GHOST TOWN	Pop	Spotify	VC	3
2022-03-31	GHOST TOWN	Singer/Songwriter	Spotify	PT	16
2022-03-31	GHOST TOWN	Singer/Songwriter	Spotify	IT	11
2021-11-30	GHOST TOWN	Pop	Spotify	AO	1161
2021-11-30	GHOST TOWN	Pop	Spotify	BD	9304
2021-10-31	GHOST TOWN	Pop	Spotify	MZ	243
2021-10-31	GHOST TOWN	Pop	Spotify	MO	232
2021-10-31	GHOST TOWN	Pop	Spotify	GW	3
2021-12-31	GHOST TOWN	Pop	Spotify	BH	2828
2021-12-31	GHOST TOWN	Pop	Spotify	TN	7355
2022-01-31	GHOST TOWN	Singer/Songwriter	Spotify	LU	22
2022-01-31	GHOST TOWN	Pop	Spotify	TD	6
2022-01-31	GHOST TOWN	Pop	Spotify	NR	6
2022-02-28	GHOST TOWN	Singer/Songwriter	Spotify	PK	27
2022-02-28	GHOST TOWN	Pop	Spotify	DJ	16
2022-02-28	GHOST TOWN	Pop	Spotify	FJ	764
2022-02-28	GHOST TOWN	Singer/Songwriter	Spotify	MA	7
2022-02-28	GHOST TOWN	Singer/Songwriter	Spotify	SZ	1
2022-02-28	GHOST TOWN	Pop	Spotify	TD	6
2022-02-28	GHOST TOWN	Pop	Spotify	TG	184
2022-02-28	GHOST TOWN	Pop	Spotify	MO	622
2022-02-28	GHOST TOWN	Pop	Spotify	BH	1369
2022-02-28	GHOST TOWN	Singer/Songwriter	Spotify	UZ	3
2022-02-28	GHOST TOWN	Singer/Songwriter	Spotify	VC	1
2022-03-31	GHOST TOWN	Pop	Spotify	CI	54
2022-03-31	GHOST TOWN	Pop	Spotify	TW	3608
2022-03-31	GHOST TOWN	Pop	Spotify	TD	1
2022-03-31	GHOST TOWN	Singer/Songwriter	Spotify	EE	4
2022-03-31	GHOST TOWN	Singer/Songwriter	Spotify	BN	1
2021-12-31	GHOST TOWN	Pop	Spotify	FJ	1549
2022-03-31	GHOST TOWN	Singer/Songwriter	Spotify	SV	1
2021-11-30	GHOST TOWN	Pop	Spotify	MC	549
2021-12-31	GHOST TOWN	Pop	Spotify	CG	32
2022-01-31	GHOST TOWN	Pop	Spotify	SB	104
2022-02-28	GHOST TOWN	Singer/Songwriter	Spotify	MN	2
2022-02-28	GHOST TOWN	Singer/Songwriter	Spotify	TZ	3
2022-03-31	GHOST TOWN	Singer/Songwriter	Spotify	IS	2
2021-11-30	GHOST TOWN	Pop	Spotify	AG	192
2021-10-31	GHOST TOWN	Pop	Spotify	KZ	1876
2022-01-31	GHOST TOWN	Pop	Spotify	TO	14
2022-03-31	GHOST TOWN	Singer/Songwriter	Spotify	CL	3
2022-03-31	GHOST TOWN	Pop	Spotify	ZM	171
2021-11-30	GHOST TOWN	Pop	Spotify	BH	3410
2021-11-30	GHOST TOWN	Pop	Spotify	DJ	52
2021-12-31	GHOST TOWN	Pop	Spotify	BJ	263
2022-02-28	GHOST TOWN	Singer/Songwriter	Spotify	ZM	7
2022-03-31	GHOST TOWN	Pop	Spotify	NA	97
2022-03-31	GHOST TOWN	Singer/Songwriter	Spotify	SK	1
2021-10-31	GHOST TOWN	Pop	Spotify	XK	293
2021-10-31	GHOST TOWN	Pop	Spotify	CI	93
2021-12-31	GHOST TOWN	Pop	Spotify	GA	119
2021-12-31	GHOST TOWN	Pop	Spotify	ME	658
2021-12-31	GHOST TOWN	Pop	Spotify	MH	15
2022-02-28	GHOST TOWN	Pop	Spotify	CG	32
2022-02-28	GHOST TOWN	Pop	Spotify	KW	2465
2022-02-28	GHOST TOWN	Pop	Spotify	KM	14
2022-03-31	GHOST TOWN	Singer/Songwriter	Spotify	AO	1
2021-11-30	GHOST TOWN	Pop	Spotify	SE	2290861
2021-11-30	GHOST TOWN	Pop	Spotify	NO	3253877
2021-11-30	GHOST TOWN	Pop	Spotify	PE	37141
2021-11-30	GHOST TOWN	Pop	Spotify	RO	45460
2021-11-30	GHOST TOWN	Pop	Spotify	IN	383988
2021-11-30	GHOST TOWN	Pop	Spotify	GT	17453
2021-11-30	GHOST TOWN	Pop	Spotify	MV	3880
2021-10-31	GHOST TOWN	Pop	Spotify	SE	878877
2021-10-31	GHOST TOWN	Pop	Spotify	BE	159959
2021-10-31	GHOST TOWN	Pop	Spotify	DE	719144
2021-10-31	GHOST TOWN	Pop	Spotify	GT	3660
2021-10-31	GHOST TOWN	Pop	Spotify	AT	100850
2021-10-31	GHOST TOWN	Pop	Spotify	PY	2264
2021-10-31	GHOST TOWN	Pop	Spotify	JM	1272
2021-10-31	GHOST TOWN	Pop	Spotify	NI	498
2021-10-31	GHOST TOWN	Pop	Spotify	MH	1
2021-10-31	GHOST TOWN	Pop	Spotify	LK	1681
2021-12-31	GHOST TOWN	Pop	Spotify	CH	169853
2021-12-31	GHOST TOWN	Pop	Spotify	JP	120997
2021-12-31	GHOST TOWN	Pop	Spotify	FI	246458
2021-12-31	GHOST TOWN	Pop	Spotify	HU	49065
2021-12-31	GHOST TOWN	Pop	Spotify	KR	46215
2021-12-31	GHOST TOWN	Pop	Spotify	GR	37022
2021-12-31	GHOST TOWN	Pop	Spotify	JM	5128
2022-01-31	GHOST TOWN	Pop	Spotify	US	4220629
2022-01-31	GHOST TOWN	Pop	Spotify	JP	54663
2022-01-31	GHOST TOWN	Pop	Spotify	CA	747962
2022-01-31	GHOST TOWN	Pop	Spotify	CH	158478
2022-01-31	GHOST TOWN	Pop	Spotify	RO	29145
2022-01-31	GHOST TOWN	Pop	Spotify	ES	119907
2022-01-31	GHOST TOWN	Singer/Songwriter	Spotify	AU	1113
2022-01-31	GHOST TOWN	Singer/Songwriter	Spotify	SV	3
2022-01-31	GHOST TOWN	Singer/Songwriter	Spotify	CR	4
2022-01-31	GHOST TOWN	Pop	Spotify	KH	4859
2022-01-31	GHOST TOWN	Pop	Spotify	KR	25053
2022-01-31	GHOST TOWN	Pop	Spotify	MZ	717
2022-02-28	GHOST TOWN	Pop	Spotify	DE	807574
2022-02-28	GHOST TOWN	Pop	Spotify	IT	116777
2022-02-28	GHOST TOWN	Singer/Songwriter	Spotify	TR	74
2022-02-28	GHOST TOWN	Pop	Spotify	AM	660
2022-03-31	GHOST TOWN	Pop	Spotify	SE	57151
2022-03-31	GHOST TOWN	Singer/Songwriter	Spotify	CZ	9
2022-03-31	GHOST TOWN	Pop	Spotify	BS	43
2022-03-31	GHOST TOWN	Singer/Songwriter	Spotify	ZA	12
2022-03-31	GHOST TOWN	Pop	Spotify	MD	93
2021-12-31	GHOST TOWN	Pop	Spotify	ES	212574
2021-12-31	GHOST TOWN	Pop	Spotify	BE	565932
2021-12-31	GHOST TOWN	Pop	Spotify	VN	49942
2021-12-31	GHOST TOWN	Pop	Spotify	TT	3972
2022-01-31	GHOST TOWN	Singer/Songwriter	Spotify	GB	1779
2022-01-31	GHOST TOWN	Singer/Songwriter	Spotify	CH	522
2022-01-31	GHOST TOWN	Singer/Songwriter	Spotify	PH	697
2022-01-31	GHOST TOWN	Singer/Songwriter	Spotify	NZ	516
2022-01-31	GHOST TOWN	Singer/Songwriter	Spotify	IE	347
2022-01-31	GHOST TOWN	Singer/Songwriter	Spotify	KH	16
2022-01-31	GHOST TOWN	Pop	Spotify	PA	4722
2022-01-31	GHOST TOWN	Singer/Songwriter	Spotify	NG	77
2022-02-28	GHOST TOWN	Pop	Spotify	SG	111965
2022-02-28	GHOST TOWN	Singer/Songwriter	Spotify	AT	314
2022-02-28	GHOST TOWN	Singer/Songwriter	Spotify	NP	12
2022-02-28	GHOST TOWN	Singer/Songwriter	Spotify	JP	92
2022-02-28	GHOST TOWN	Singer/Songwriter	Spotify	RO	28
2022-03-31	GHOST TOWN	Pop	Spotify	CL	1922
2022-03-31	GHOST TOWN	Pop	Spotify	RO	1408
2022-03-31	GHOST TOWN	Pop	Spotify	MA	605
2022-03-31	GHOST TOWN	Pop	Spotify	ME	21
2022-03-31	GHOST TOWN	Pop	Spotify	MR	9
2022-03-31	GHOST TOWN	Singer/Songwriter	Spotify	BE	96
2022-03-31	GHOST TOWN	Pop	Spotify	BG	331
2022-02-28	GHOST TOWN	Singer/Songwriter	Spotify	BE	1154
2022-02-28	GHOST TOWN	Singer/Songwriter	Spotify	BO	3
2022-03-31	GHOST TOWN	Singer/Songwriter	Spotify	US	1182
2022-03-31	GHOST TOWN	Pop	Spotify	BR	8380
2022-03-31	GHOST TOWN	Pop	Spotify	CA	45130
2022-03-31	GHOST TOWN	Pop	Spotify	UY	227
2022-03-31	GHOST TOWN	Pop	Spotify	BI	14
2021-11-30	GHOST TOWN	Pop	Spotify	IQ	891
2021-11-30	GHOST TOWN	Pop	Spotify	KW	6173
2021-11-30	GHOST TOWN	Pop	Spotify	VC	162
2021-10-31	GHOST TOWN	Pop	Spotify	SK	12721
2021-10-31	GHOST TOWN	Pop	Spotify	CR	4837
2021-10-31	GHOST TOWN	Pop	Spotify	TH	20804
2021-10-31	GHOST TOWN	Pop	Spotify	NG	3021
2021-11-30	GHOST TOWN	Pop	Spotify	GN	105
2021-10-31	GHOST TOWN	Pop	Spotify	NR	9
2021-10-31	GHOST TOWN	Pop	Spotify	SR	169
2021-12-31	GHOST TOWN	Pop	Spotify	ZA	72754
2021-12-31	GHOST TOWN	Pop	Spotify	MU	3189
2021-12-31	GHOST TOWN	Pop	Spotify	PW	77
2022-01-31	GHOST TOWN	Pop	Spotify	GR	27159
2022-01-31	GHOST TOWN	Pop	Spotify	BD	4550
2022-01-31	GHOST TOWN	Pop	Spotify	BA	1808
2022-01-31	GHOST TOWN	Pop	Spotify	KG	906
2022-01-31	GHOST TOWN	Pop	Spotify	BG	7483
2022-02-28	GHOST TOWN	Singer/Songwriter	Spotify	DO	39
2022-02-28	GHOST TOWN	Singer/Songwriter	Spotify	BY	9
2022-02-28	GHOST TOWN	Pop	Spotify	SK	18376
2022-02-28	GHOST TOWN	Singer/Songwriter	Spotify	KH	6
2022-02-28	GHOST TOWN	Pop	Spotify	VE	2801
2022-03-31	GHOST TOWN	Singer/Songwriter	Spotify	JP	15
2022-03-31	GHOST TOWN	Pop	Spotify	KG	69
2022-03-31	GHOST TOWN	Pop	Spotify	LK	402
2022-03-31	GHOST TOWN	Singer/Songwriter	Spotify	SG	23
2022-03-31	GHOST TOWN	Pop	Spotify	UA	300
2022-02-28	GHOST TOWN	Pop	Spotify	SI	6831
2022-02-28	GHOST TOWN	Singer/Songwriter	Spotify	VE	4
2022-03-31	GHOST TOWN	Pop	Spotify	KE	906
2022-03-31	GHOST TOWN	Pop	Spotify	LA	35
2022-03-31	GHOST TOWN	Singer/Songwriter	Spotify	NL	133
2021-11-30	GHOST TOWN	Pop	Spotify	NI	3311
2022-01-31	GHOST TOWN	Singer/Songwriter	Spotify	VN	30
2022-01-31	GHOST TOWN	Pop	Spotify	MK	1522
2022-02-28	GHOST TOWN	Pop	Spotify	LS	204
2022-02-28	GHOST TOWN	Singer/Songwriter	Spotify	MW	2
2022-02-28	GHOST TOWN	Pop	Spotify	AZ	964
2022-03-31	GHOST TOWN	Pop	Spotify	VN	2471
2021-11-30	GHOST TOWN	Pop	Spotify	FJ	1704
2021-10-31	GHOST TOWN	Pop	Spotify	BT	263
2021-10-31	GHOST TOWN	Pop	Spotify	UZ	462
2021-10-31	GHOST TOWN	Pop	Spotify	GY	202
2021-10-31	GHOST TOWN	Pop	Spotify	LB	1726
2021-12-31	GHOST TOWN	Pop	Spotify	TH	72399
2021-12-31	GHOST TOWN	Pop	Spotify	NE	35
2022-01-31	GHOST TOWN	Singer/Songwriter	Spotify	SZ	32
2022-01-31	GHOST TOWN	Singer/Songwriter	Spotify	UZ	2
2022-01-31	GHOST TOWN	Pop	Spotify	IQ	2016
2022-02-28	GHOST TOWN	Singer/Songwriter	Spotify	FJ	4
2022-02-28	GHOST TOWN	Pop	Spotify	MK	1024
2022-02-28	GHOST TOWN	Pop	Spotify	VC	85
2022-03-31	GHOST TOWN	Pop	Spotify	PL	9857
2022-03-31	GHOST TOWN	Pop	Spotify	FJ	77
2021-11-30	GHOST TOWN	Pop	Spotify	SC	524
2021-10-31	GHOST TOWN	Pop	Spotify	GA	24
2021-10-31	GHOST TOWN	Pop	Spotify	AM	201
2021-12-31	GHOST TOWN	Pop	Spotify	SA	26749
2021-12-31	GHOST TOWN	Pop	Spotify	ST	1
2022-01-31	GHOST TOWN	Pop	Spotify	BB	551
2022-01-31	GHOST TOWN	Pop	Spotify	SM	8
2022-01-31	GHOST TOWN	Pop	Spotify	BN	5030
2022-01-31	GHOST TOWN	Pop	Spotify	MH	20
2022-01-31	GHOST TOWN	Singer/Songwriter	Spotify	MK	1
2022-02-28	GHOST TOWN	Pop	Spotify	NR	9
2022-02-28	GHOST TOWN	Pop	Spotify	MC	568
2022-03-31	GHOST TOWN	Pop	Spotify	HR	397
2021-10-31	GHOST TOWN	Pop	Spotify	AD	330
2021-11-30	GHOST TOWN	Pop	Spotify	JO	5201
2021-12-31	GHOST TOWN	Pop	Spotify	AO	872
2022-01-31	GHOST TOWN	Pop	Spotify	BJ	213
2022-02-28	GHOST TOWN	Pop	Spotify	DM	57
2022-03-31	GHOST TOWN	Singer/Songwriter	Spotify	BA	2
2022-03-31	GHOST TOWN	Pop	Spotify	ZW	68
2021-11-30	GHOST TOWN	Pop	Spotify	BT	1934
2021-11-30	GHOST TOWN	Pop	Spotify	BW	1293
2021-11-30	GHOST TOWN	Pop	Spotify	TL	408
2021-12-31	GHOST TOWN	Pop	Spotify	VC	129
2022-01-31	GHOST TOWN	Singer/Songwriter	Spotify	CW	1
2022-01-31	GHOST TOWN	Singer/Songwriter	Spotify	GH	16
2022-03-31	GHOST TOWN	Singer/Songwriter	Spotify	CY	1
2022-03-31	GHOST TOWN	Singer/Songwriter	Spotify	AE	2
2022-03-31	GHOST TOWN	Pop	Spotify	NG	1165
2022-03-31	GHOST TOWN	Singer/Songwriter	Spotify	NG	6
2022-03-31	GHOST TOWN	Pop	Spotify	RS	198
2021-10-31	GHOST TOWN	Pop	Spotify	WS	34
2021-12-31	GHOST TOWN	Pop	Spotify	VU	132
2022-02-28	GHOST TOWN	Singer/Songwriter	Spotify	BH	1
2022-03-31	GHOST TOWN	Pop	Spotify	OM	123
2021-11-30	GHOST TOWN	Pop	Spotify	AU	1730454
2021-11-30	GHOST TOWN	Pop	Spotify	HU	74393
2021-11-30	GHOST TOWN	Pop	Spotify	EE	24710
2021-11-30	GHOST TOWN	Pop	Spotify	FI	411369
2021-11-30	GHOST TOWN	Pop	Spotify	CO	46146
2021-11-30	GHOST TOWN	Pop	Spotify	EC	20472
2021-11-30	GHOST TOWN	Pop	Spotify	SI	17385
2021-11-30	GHOST TOWN	Pop	Spotify	MD	3770
2021-11-30	GHOST TOWN	Pop	Spotify	LY	338
2021-10-31	GHOST TOWN	Pop	Spotify	NL	684789
2021-10-31	GHOST TOWN	Pop	Spotify	AR	21666
2021-10-31	GHOST TOWN	Pop	Spotify	UA	4918
2021-10-31	GHOST TOWN	Pop	Spotify	HK	13349
2021-10-31	GHOST TOWN	Pop	Spotify	SA	7072
2021-10-31	GHOST TOWN	Pop	Spotify	JP	21613
2021-10-31	GHOST TOWN	Pop	Spotify	TN	2223
2021-10-31	GHOST TOWN	Pop	Spotify	TR	17401
2021-11-30	GHOST TOWN	Pop	Spotify	AE	41063
2021-10-31	GHOST TOWN	Pop	Spotify	AE	8656
2021-12-31	GHOST TOWN	Pop	Spotify	CA	1012726
2021-12-31	GHOST TOWN	Pop	Spotify	NZ	316323
2021-12-31	GHOST TOWN	Pop	Spotify	SG	202906
2021-12-31	GHOST TOWN	Pop	Spotify	NO	1648419
2021-12-31	GHOST TOWN	Pop	Spotify	UY	8065
2021-12-31	GHOST TOWN	Pop	Spotify	NI	2486
2021-12-31	GHOST TOWN	Pop	Spotify	GT	11857
2022-01-31	GHOST TOWN	Singer/Songwriter	Spotify	FI	485
2022-01-31	GHOST TOWN	Singer/Songwriter	Spotify	IT	282
2022-01-31	GHOST TOWN	Singer/Songwriter	Spotify	MX	279
2022-01-31	GHOST TOWN	Singer/Songwriter	Spotify	LV	9
2022-01-31	GHOST TOWN	Singer/Songwriter	Spotify	BR	240
2022-01-31	GHOST TOWN	Singer/Songwriter	Spotify	TW	96
2022-01-31	GHOST TOWN	Singer/Songwriter	Spotify	PT	221
2022-01-31	GHOST TOWN	Singer/Songwriter	Spotify	MY	489
2022-01-31	GHOST TOWN	Singer/Songwriter	Spotify	SG	418
2022-01-31	GHOST TOWN	Pop	Spotify	ME	390
2022-02-28	GHOST TOWN	Singer/Songwriter	Spotify	IN	492
2022-02-28	GHOST TOWN	Pop	Spotify	BR	126421
2022-02-28	GHOST TOWN	Singer/Songwriter	Spotify	BG	7
2022-02-28	GHOST TOWN	Pop	Spotify	PE	8549
2022-02-28	GHOST TOWN	Pop	Spotify	HR	5684
2022-02-28	GHOST TOWN	Pop	Spotify	QA	3325
2022-03-31	GHOST TOWN	Singer/Songwriter	Spotify	CA	183
2022-03-31	GHOST TOWN	Pop	Spotify	DK	69526
2022-03-31	GHOST TOWN	Pop	Spotify	BH	87
2021-11-30	GHOST TOWN	Pop	Spotify	EG	20588
2021-10-31	GHOST TOWN	Pop	Spotify	TW	21317
2021-12-31	GHOST TOWN	Pop	Spotify	NA	2000
2021-12-31	GHOST TOWN	Pop	Spotify	LU	14463
2022-01-31	GHOST TOWN	Pop	Spotify	LV	12634
2022-01-31	GHOST TOWN	Singer/Songwriter	Spotify	CA	2247
2022-01-31	GHOST TOWN	Singer/Songwriter	Spotify	BE	1020
2022-01-31	GHOST TOWN	Pop	Spotify	SE	1390681
2022-02-28	GHOST TOWN	Singer/Songwriter	Spotify	ES	356
2022-02-28	GHOST TOWN	Pop	Spotify	DK	920661
2022-02-28	GHOST TOWN	Pop	Spotify	AT	82741
2022-02-28	GHOST TOWN	Pop	Spotify	EC	4552
2022-02-28	GHOST TOWN	Pop	Spotify	ZA	53618
2022-02-28	GHOST TOWN	Singer/Songwriter	Spotify	GR	91
2022-02-28	GHOST TOWN	Singer/Songwriter	Spotify	AE	54
2022-02-28	GHOST TOWN	Pop	Spotify	NP	3768
2022-02-28	GHOST TOWN	Pop	Spotify	MY	120213
2022-02-28	GHOST TOWN	Singer/Songwriter	Spotify	MZ	3
2022-02-28	GHOST TOWN	Pop	Spotify	AD	699
2022-03-31	GHOST TOWN	Singer/Songwriter	Spotify	MX	35
2022-03-31	GHOST TOWN	Pop	Spotify	SB	4
2022-03-31	GHOST TOWN	Singer/Songwriter	Spotify	PH	66
2022-03-31	GHOST TOWN	Pop	Spotify	PT	3763
2022-03-31	GHOST TOWN	Pop	Spotify	JP	2923
2022-03-31	GHOST TOWN	Pop	Spotify	HU	2286
2021-12-31	GHOST TOWN	Pop	Spotify	MA	16051
2022-01-31	GHOST TOWN	Singer/Songwriter	Spotify	RO	61
2022-02-28	GHOST TOWN	Pop	Spotify	MX	90393
2022-02-28	GHOST TOWN	Pop	Spotify	XK	360
2022-02-28	GHOST TOWN	Pop	Spotify	DZ	5645
2022-03-31	GHOST TOWN	Pop	Spotify	BZ	34
2022-03-31	GHOST TOWN	Pop	Spotify	LV	673
2021-11-30	GHOST TOWN	Pop	Spotify	DZ	13015
2021-11-30	GHOST TOWN	Pop	Spotify	DM	118
2021-11-30	GHOST TOWN	Pop	Spotify	ZM	2878
2021-11-30	GHOST TOWN	Pop	Spotify	VE	2697
2021-10-31	GHOST TOWN	Pop	Spotify	LU	7226
2021-10-31	GHOST TOWN	Pop	Spotify	MV	777
2021-10-31	GHOST TOWN	Pop	Spotify	LS	57
2021-10-31	GHOST TOWN	Pop	Spotify	TG	51
2021-12-31	GHOST TOWN	Pop	Spotify	BY	4429
2021-12-31	GHOST TOWN	Pop	Spotify	HN	5733
2021-12-31	GHOST TOWN	Pop	Spotify	BA	2501
2022-01-31	GHOST TOWN	Pop	Spotify	EG	13523
2022-01-31	GHOST TOWN	Singer/Songwriter	Spotify	LB	10
2022-02-28	GHOST TOWN	Pop	Spotify	NE	31
2022-03-31	GHOST TOWN	Pop	Spotify	LR	2
2022-03-31	GHOST TOWN	Pop	Spotify	SK	1259
2022-03-31	GHOST TOWN	Singer/Songwriter	Spotify	BR	20
2021-11-30	GHOST TOWN	Pop	Spotify	RS	8682
2021-11-30	GHOST TOWN	Pop	Spotify	BJ	369
2021-11-30	GHOST TOWN	Pop	Spotify	SM	64
2021-11-30	GHOST TOWN	Pop	Spotify	CM	734
2021-10-31	GHOST TOWN	Pop	Spotify	IL	15571
2021-10-31	GHOST TOWN	Pop	Spotify	MN	500
2021-10-31	GHOST TOWN	Pop	Spotify	FJ	352
2021-10-31	GHOST TOWN	Pop	Spotify	BH	894
2021-10-31	GHOST TOWN	Pop	Spotify	EG	4790
2021-12-31	GHOST TOWN	Pop	Spotify	GM	81
2021-12-31	GHOST TOWN	Pop	Spotify	SC	529
2022-01-31	GHOST TOWN	Pop	Spotify	VN	28525
2022-01-31	GHOST TOWN	Pop	Spotify	MO	627
2022-02-28	GHOST TOWN	Pop	Spotify	ZW	997
2022-02-28	GHOST TOWN	Pop	Spotify	LK	5065
2022-02-28	GHOST TOWN	Pop	Spotify	LV	9194
2022-02-28	GHOST TOWN	Pop	Spotify	PS	530
2022-02-28	GHOST TOWN	Singer/Songwriter	Spotify	PS	1
2022-02-28	GHOST TOWN	Singer/Songwriter	Spotify	TH	179
2022-02-28	GHOST TOWN	Pop	Spotify	LI	527
2022-03-31	GHOST TOWN	Pop	Spotify	TH	2627
2022-03-31	GHOST TOWN	Singer/Songwriter	Spotify	CH	32
2022-03-31	GHOST TOWN	Pop	Spotify	VE	206
2021-11-30	GHOST TOWN	Pop	Spotify	AM	1373
2021-11-30	GHOST TOWN	Pop	Spotify	TO	60
2021-11-30	GHOST TOWN	Pop	Spotify	KI	9
2021-12-31	GHOST TOWN	Pop	Spotify	TD	4
2021-12-31	GHOST TOWN	Pop	Spotify	TG	345
2022-01-31	GHOST TOWN	Pop	Spotify	BS	535
2022-02-28	GHOST TOWN	Singer/Songwriter	Spotify	CR	3
2022-02-28	GHOST TOWN	Singer/Songwriter	Spotify	BT	28
2022-02-28	GHOST TOWN	Singer/Songwriter	Spotify	BW	3
2022-02-28	GHOST TOWN	Pop	Spotify	JM	3466
2022-02-28	GHOST TOWN	Pop	Spotify	BI	117
2022-03-31	GHOST TOWN	Singer/Songwriter	Spotify	NZ	26
2022-03-31	GHOST TOWN	Pop	Spotify	PK	389
2022-03-31	GHOST TOWN	Pop	Spotify	GD	10
2022-03-31	GHOST TOWN	Pop	Spotify	GE	66
2022-03-31	GHOST TOWN	Pop	Spotify	HN	206
2021-11-30	GHOST TOWN	Pop	Spotify	LA	1150
2021-11-30	GHOST TOWN	Pop	Spotify	PW	139
2021-10-31	GHOST TOWN	Pop	Spotify	KH	2291
2021-10-31	GHOST TOWN	Pop	Spotify	AO	254
2021-10-31	GHOST TOWN	Pop	Spotify	SL	34
2021-10-31	GHOST TOWN	Pop	Spotify	SN	53
2022-01-31	GHOST TOWN	Singer/Songwriter	Spotify	SB	2
2022-01-31	GHOST TOWN	Pop	Spotify	SC	512
2022-01-31	GHOST TOWN	Singer/Songwriter	Spotify	SL	1
2022-01-31	GHOST TOWN	Pop	Spotify	SR	476
2022-01-31	GHOST TOWN	Pop	Spotify	ST	2
2022-01-31	GHOST TOWN	Singer/Songwriter	Spotify	VE	6
2022-01-31	GHOST TOWN	Singer/Songwriter	Spotify	QA	8
2022-02-28	GHOST TOWN	Singer/Songwriter	Spotify	MD	1
2022-02-28	GHOST TOWN	Pop	Spotify	TL	232
2022-03-31	GHOST TOWN	Singer/Songwriter	Spotify	MU	1
2022-03-31	GHOST TOWN	Pop	Spotify	MW	251
2022-03-31	GHOST TOWN	Pop	Spotify	IQ	156
2022-03-31	GHOST TOWN	Pop	Spotify	CY	334
2022-03-31	GHOST TOWN	Pop	Spotify	KM	1
2022-03-31	GHOST TOWN	Pop	Spotify	MU	161
2021-10-31	GHOST TOWN	Pop	Spotify	SC	98
2021-12-31	GHOST TOWN	Pop	Spotify	MD	2830
2021-12-31	GHOST TOWN	Pop	Spotify	BZ	1086
2021-12-31	GHOST TOWN	Pop	Spotify	MR	139
2021-12-31	GHOST TOWN	Pop	Spotify	AM	916
2022-01-31	GHOST TOWN	Pop	Spotify	CD	131
2022-01-31	GHOST TOWN	Pop	Spotify	CG	31
2022-03-31	GHOST TOWN	Pop	Spotify	PA	294
2022-03-31	GHOST TOWN	Singer/Songwriter	Spotify	HR	4
2021-10-31	GHOST TOWN	Pop	Spotify	KG	358
2021-12-31	GHOST TOWN	Pop	Spotify	BT	2053
2021-12-31	GHOST TOWN	Pop	Spotify	BW	997
2022-01-31	GHOST TOWN	Pop	Spotify	AL	2028
2022-01-31	GHOST TOWN	Pop	Spotify	GY	767
2022-02-28	GHOST TOWN	Pop	Spotify	ZM	1889
2022-03-31	GHOST TOWN	Pop	Spotify	NI	83
2022-03-31	GHOST TOWN	Pop	Spotify	SR	32
2021-10-31	GHOST TOWN	Pop	Spotify	GD	38
2021-12-31	GHOST TOWN	Pop	Spotify	LS	231
2021-12-31	GHOST TOWN	Pop	Spotify	MG	372
2022-01-31	GHOST TOWN	Pop	Spotify	AZ	1348
2022-01-31	GHOST TOWN	Singer/Songwriter	Spotify	AZ	1
2022-01-31	GHOST TOWN	Pop	Spotify	MV	2396
2022-02-28	GHOST TOWN	Singer/Songwriter	Spotify	KW	1
2022-02-28	GHOST TOWN	Pop	Spotify	KI	3
2022-02-28	GHOST TOWN	Pop	Spotify	KN	90
2022-03-31	GHOST TOWN	Pop	Spotify	GA	29
2021-11-30	GHOST TOWN	Pop	Spotify	IT	300071
2021-11-30	GHOST TOWN	Pop	Spotify	IL	69350
2021-11-30	GHOST TOWN	Pop	Spotify	CR	17250
2021-11-30	GHOST TOWN	Pop	Spotify	MO	1179
2021-11-30	GHOST TOWN	Pop	Spotify	JM	6073
2021-11-30	GHOST TOWN	Pop	Spotify	UZ	3078
2021-10-31	GHOST TOWN	Pop	Spotify	MX	68955
2021-10-31	GHOST TOWN	Pop	Spotify	NO	1646377
2021-10-31	GHOST TOWN	Pop	Spotify	DK	567603
2021-10-31	GHOST TOWN	Pop	Spotify	RS	1895
2021-10-31	GHOST TOWN	Pop	Spotify	GH	865
2021-10-31	GHOST TOWN	Pop	Spotify	GE	443
2021-10-31	GHOST TOWN	Pop	Spotify	ZA	32600
2021-10-31	GHOST TOWN	Pop	Spotify	NZ	134742
2021-10-31	GHOST TOWN	Pop	Spotify	SV	1609
2021-10-31	GHOST TOWN	Pop	Spotify	SZ	113
2021-12-31	GHOST TOWN	Pop	Spotify	DE	1377141
2021-12-31	GHOST TOWN	Pop	Spotify	ID	865816
2021-12-31	GHOST TOWN	Pop	Spotify	DK	674232
2022-01-31	GHOST TOWN	Pop	Spotify	MX	127156
2022-01-31	GHOST TOWN	Pop	Spotify	TR	48173
2022-01-31	GHOST TOWN	Singer/Songwriter	Spotify	PL	284
2022-01-31	GHOST TOWN	Singer/Songwriter	Spotify	HK	176
2022-01-31	GHOST TOWN	Pop	Spotify	SK	24539
2022-01-31	GHOST TOWN	Pop	Spotify	SA	17816
2022-01-31	GHOST TOWN	Singer/Songwriter	Spotify	EE	16
2022-01-31	GHOST TOWN	Pop	Spotify	TH	43570
2022-01-31	GHOST TOWN	Singer/Songwriter	Spotify	TH	144
2022-01-31	GHOST TOWN	Pop	Spotify	KI	3
2022-01-31	GHOST TOWN	Pop	Spotify	LT	14545
2022-01-31	GHOST TOWN	Singer/Songwriter	Spotify	AO	1
2022-02-28	GHOST TOWN	Pop	Spotify	PT	58207
2022-02-28	GHOST TOWN	Singer/Songwriter	Spotify	NL	2292
2022-02-28	GHOST TOWN	Singer/Songwriter	Spotify	PH	684
2022-02-28	GHOST TOWN	Pop	Spotify	AU	528846
2022-02-28	GHOST TOWN	Pop	Spotify	RO	20974
2022-02-28	GHOST TOWN	Singer/Songwriter	Spotify	CZ	112
2022-02-28	GHOST TOWN	Singer/Songwriter	Spotify	UA	16
2022-02-28	GHOST TOWN	Singer/Songwriter	Spotify	EE	69
2022-02-28	GHOST TOWN	Singer/Songwriter	Spotify	KG	1
2022-02-28	GHOST TOWN	Pop	Spotify	NA	1377
2022-03-31	GHOST TOWN	Singer/Songwriter	Spotify	FI	26
2021-10-31	GHOST TOWN	Pop	Spotify	GQ	4
2021-12-31	GHOST TOWN	Pop	Spotify	CL	68143
2021-12-31	GHOST TOWN	Pop	Spotify	AR	59038
2021-12-31	GHOST TOWN	Pop	Spotify	IQ	2931
2022-01-31	GHOST TOWN	Pop	Spotify	IL	28727
2022-01-31	GHOST TOWN	Pop	Spotify	ZA	58319
2022-01-31	GHOST TOWN	Pop	Spotify	CO	15730
2022-01-31	GHOST TOWN	Pop	Spotify	LB	4033
2022-02-28	GHOST TOWN	Pop	Spotify	SE	939853
2022-02-28	GHOST TOWN	Pop	Spotify	PL	147951
2022-02-28	GHOST TOWN	Singer/Songwriter	Spotify	MY	292
2022-02-28	GHOST TOWN	Singer/Songwriter	Spotify	AU	730
2022-02-28	GHOST TOWN	Pop	Spotify	ID	302439
2022-02-28	GHOST TOWN	Singer/Songwriter	Spotify	CA	1718
2022-02-28	GHOST TOWN	Singer/Songwriter	Spotify	CH	435
2022-02-28	GHOST TOWN	Pop	Spotify	BE	554005
2022-02-28	GHOST TOWN	Singer/Songwriter	Spotify	SC	1
2022-02-28	GHOST TOWN	Pop	Spotify	PY	2082
2022-02-28	GHOST TOWN	Pop	Spotify	PW	74
2022-02-28	GHOST TOWN	Pop	Spotify	MG	307
2022-02-28	GHOST TOWN	Singer/Songwriter	Spotify	KR	136
2022-02-28	GHOST TOWN	Singer/Songwriter	Spotify	HN	5
2022-02-28	GHOST TOWN	Pop	Spotify	CW	338
2022-03-31	GHOST TOWN	Pop	Spotify	RU	2387
2022-03-31	GHOST TOWN	Pop	Spotify	SA	1112
2022-03-31	GHOST TOWN	Pop	Spotify	LC	14
2022-03-31	GHOST TOWN	Pop	Spotify	BE	38806
2022-03-31	GHOST TOWN	Pop	Spotify	NO	65178
2022-03-31	GHOST TOWN	Pop	Spotify	CM	52
2022-03-31	GHOST TOWN	Singer/Songwriter	Spotify	IE	8
2022-01-31	GHOST TOWN	Singer/Songwriter	Spotify	CO	31
2022-02-28	GHOST TOWN	Pop	Spotify	CZ	52523
2022-03-31	GHOST TOWN	Singer/Songwriter	Spotify	LU	3
2022-03-31	GHOST TOWN	Singer/Songwriter	Spotify	GB	106
2022-03-31	GHOST TOWN	Pop	Spotify	DZ	377
2021-11-30	GHOST TOWN	Pop	Spotify	LV	26606
2021-11-30	GHOST TOWN	Pop	Spotify	LB	4590
2021-11-30	GHOST TOWN	Pop	Spotify	GW	10
2021-10-31	GHOST TOWN	Pop	Spotify	HN	1865
2021-10-31	GHOST TOWN	Pop	Spotify	DO	3592
2021-10-31	GHOST TOWN	Pop	Spotify	ME	137
2021-10-31	GHOST TOWN	Pop	Spotify	MC	75
2021-12-31	GHOST TOWN	Pop	Spotify	GE	2517
2021-10-31	GHOST TOWN	Pop	Spotify	QA	2289
2022-01-31	GHOST TOWN	Pop	Spotify	BO	3963
2022-01-31	GHOST TOWN	Pop	Spotify	PT	81216
2022-01-31	GHOST TOWN	Singer/Songwriter	Spotify	CL	63
2022-01-31	GHOST TOWN	Pop	Spotify	PK	6745
2022-01-31	GHOST TOWN	Pop	Spotify	HR	7731
2022-01-31	GHOST TOWN	Pop	Spotify	JM	4204
2022-01-31	GHOST TOWN	Pop	Spotify	GE	1426
2022-01-31	GHOST TOWN	Pop	Spotify	NE	26
2022-02-28	GHOST TOWN	Pop	Spotify	BG	5394
2022-02-28	GHOST TOWN	Pop	Spotify	HU	34781
2022-02-28	GHOST TOWN	Singer/Songwriter	Spotify	GH	12
2022-02-28	GHOST TOWN	Singer/Songwriter	Spotify	XK	1
2022-02-28	GHOST TOWN	Pop	Spotify	AO	658
2022-03-31	GHOST TOWN	Pop	Spotify	AO	57
2022-03-31	GHOST TOWN	Singer/Songwriter	Spotify	BT	3
2022-03-31	GHOST TOWN	Singer/Songwriter	Spotify	RO	4
2022-03-31	GHOST TOWN	Pop	Spotify	JO	212
2022-01-31	GHOST TOWN	Singer/Songwriter	Spotify	GE	3
2022-02-28	GHOST TOWN	Pop	Spotify	TO	8
2021-11-30	GHOST TOWN	Pop	Spotify	TZ	3488
2021-10-31	GHOST TOWN	Pop	Spotify	DM	32
2021-12-31	GHOST TOWN	Pop	Spotify	SV	5530
2021-12-31	GHOST TOWN	Pop	Spotify	BD	6915
2021-12-31	GHOST TOWN	Pop	Spotify	NG	17596
2021-12-31	GHOST TOWN	Pop	Spotify	GN	63
2021-12-31	GHOST TOWN	Pop	Spotify	AD	1059
2022-01-31	GHOST TOWN	Pop	Spotify	AD	836
2022-01-31	GHOST TOWN	Singer/Songwriter	Spotify	LK	30
2022-01-31	GHOST TOWN	Pop	Spotify	MN	1213
2022-01-31	GHOST TOWN	Pop	Spotify	BW	966
2022-01-31	GHOST TOWN	Singer/Songwriter	Spotify	HT	2
2022-02-28	GHOST TOWN	Pop	Spotify	NI	984
2022-02-28	GHOST TOWN	Pop	Spotify	MW	942
2022-02-28	GHOST TOWN	Pop	Spotify	MT	6364
2022-02-28	GHOST TOWN	Pop	Spotify	JO	2645
2022-02-28	GHOST TOWN	Singer/Songwriter	Spotify	RS	7
2022-03-31	GHOST TOWN	Singer/Songwriter	Spotify	TH	5
2022-03-31	GHOST TOWN	Pop	Spotify	TL	13
2022-03-31	GHOST TOWN	Pop	Spotify	TN	243
2022-03-31	GHOST TOWN	Singer/Songwriter	Spotify	TN	2
2022-03-31	GHOST TOWN	Singer/Songwriter	Spotify	VE	3
2021-11-30	GHOST TOWN	Pop	Spotify	PG	815
2021-11-30	GHOST TOWN	Pop	Spotify	KN	32
2021-11-30	GHOST TOWN	Pop	Spotify	CI	467
2021-10-31	GHOST TOWN	Pop	Spotify	VC	35
2021-10-31	GHOST TOWN	Pop	Spotify	PW	50
2021-10-31	GHOST TOWN	Pop	Spotify	LC	35
2021-10-31	GHOST TOWN	Pop	Spotify	CW	116
2021-12-31	GHOST TOWN	Pop	Spotify	TJ	142
2022-01-31	GHOST TOWN	Pop	Spotify	SZ	219
2022-01-31	GHOST TOWN	Pop	Spotify	CY	5771
2022-01-31	GHOST TOWN	Singer/Songwriter	Spotify	DZ	27
2022-01-31	GHOST TOWN	Pop	Spotify	ZW	1307
2022-02-28	GHOST TOWN	Singer/Songwriter	Spotify	CI	1
2022-02-28	GHOST TOWN	Pop	Spotify	BT	1350
2022-02-28	GHOST TOWN	Pop	Spotify	MA	8990
2022-02-28	GHOST TOWN	Pop	Spotify	ML	138
2022-02-28	GHOST TOWN	Singer/Songwriter	Spotify	ML	1
2022-02-28	GHOST TOWN	Singer/Songwriter	Spotify	JM	4
2022-02-28	GHOST TOWN	Singer/Songwriter	Spotify	SL	3
2022-03-31	GHOST TOWN	Pop	Spotify	MY	9073
2022-03-31	GHOST TOWN	Singer/Songwriter	Spotify	SA	2
2022-03-31	GHOST TOWN	Singer/Songwriter	Spotify	PK	6
2022-03-31	GHOST TOWN	Pop	Spotify	SZ	15
2022-03-31	GHOST TOWN	Pop	Spotify	TG	18
2022-03-31	GHOST TOWN	Pop	Spotify	GH	344
2022-03-31	GHOST TOWN	Singer/Songwriter	Spotify	GR	8
2022-02-28	GHOST TOWN	Pop	Spotify	EG	11152
2022-03-31	GHOST TOWN	Pop	Spotify	GR	1491
2021-10-31	GHOST TOWN	Pop	Spotify	KI	3
2021-12-31	GHOST TOWN	Pop	Spotify	VE	7715
2021-12-31	GHOST TOWN	Pop	Spotify	CD	83
2021-12-31	GHOST TOWN	Pop	Spotify	SN	478
2021-12-31	GHOST TOWN	Pop	Spotify	SR	911
2022-01-31	GHOST TOWN	Pop	Spotify	BH	1821
2022-01-31	GHOST TOWN	Singer/Songwriter	Spotify	UG	7
2022-02-28	GHOST TOWN	Pop	Spotify	GY	604
2022-03-31	GHOST TOWN	Pop	Spotify	MV	130
2022-03-31	GHOST TOWN	Singer/Songwriter	Spotify	PL	16
2022-03-31	GHOST TOWN	Singer/Songwriter	Spotify	IL	3
2021-11-30	GHOST TOWN	Pop	Spotify	CW	482
2021-11-30	GHOST TOWN	Pop	Spotify	TT	5027
2021-12-31	GHOST TOWN	Pop	Spotify	PS	736
2022-01-31	GHOST TOWN	Pop	Spotify	FJ	822
2022-01-31	GHOST TOWN	Pop	Spotify	BI	71
2022-02-28	GHOST TOWN	Singer/Songwriter	Spotify	LB	6
2022-02-28	GHOST TOWN	Pop	Spotify	ST	4
2022-03-31	GHOST TOWN	Singer/Songwriter	Spotify	VN	5
2021-11-30	GHOST TOWN	Pop	Spotify	LS	268
2021-10-31	GHOST TOWN	Pop	Spotify	UG	952
2021-12-31	GHOST TOWN	Pop	Spotify	LC	240
2022-03-31	GHOST TOWN	Singer/Songwriter	Spotify	TR	8
2022-03-31	GHOST TOWN	Pop	Spotify	AG	16
2022-03-31	GHOST TOWN	Pop	Spotify	AL	112
2022-03-31	GHOST TOWN	Pop	Spotify	SL	29
2021-11-30	GHOST TOWN	Pop	Spotify	AD	1193
2021-12-31	GHOST TOWN	Pop	Spotify	AG	143
2022-01-31	GHOST TOWN	Singer/Songwriter	Spotify	PS	2
2022-01-31	GHOST TOWN	Pop	Spotify	MW	859
2022-02-28	GHOST TOWN	Singer/Songwriter	Spotify	CD	1
2022-03-31	GHOST TOWN	Singer/Songwriter	Spotify	CI	1
2022-03-31	GHOST TOWN	Singer/Songwriter	Spotify	PY	1